OT_PTGN_A/idIIP/BT_Identyfikator/lokalnyId/__text,OT_PTGN_A/idIIP/BT_Identyfikator/przestrzenNazw/__text,OT_PTGN_A/idIIP/BT_Identyfikator/wersjaId/__text,OT_PTGN_A/czyObiektBDOO/__text,OT_PTGN_A/x_kod/__text,OT_PTGN_A/x_skrKarto/_xsi:nil,OT_PTGN_A/x_skrKarto/_nilReason,OT_PTGN_A/x_katDoklGeom/__text,OT_PTGN_A/x_doklGeom/_uom,OT_PTGN_A/x_doklGeom/__text,OT_PTGN_A/x_zrodloDanychG/__text,OT_PTGN_A/x_zrodloDanychA/__text,OT_PTGN_A/x_katIstnienia/_xsi:nil,OT_PTGN_A/x_katIstnienia/_nilReason,OT_PTGN_A/x_rodzajReprGeom/__text,OT_PTGN_A/x_uzytkownik/_xlink:href,OT_PTGN_A/x_aktualnoscG/__text,OT_PTGN_A/x_aktualnoscA/__text,OT_PTGN_A/x_cyklZycia/BT_CyklZyciaInfo/poczatekWersjiObiektu/__text,OT_PTGN_A/x_dataUtworzenia/__text,OT_PTGN_A/x_kodKarto10k/__text,OT_PTGN_A/x_kodKarto25k/__text,OT_PTGN_A/x_kodKarto50k/__text,OT_PTGN_A/x_kodKarto100k/__text,OT_PTGN_A/x_kodKarto250k/_xsi:nil,OT_PTGN_A/x_kodKarto250k/_nilReason,OT_PTGN_A/x_kodKarto500k/_xsi:nil,OT_PTGN_A/x_kodKarto500k/_nilReason,OT_PTGN_A/x_kodKarto1000k/_xsi:nil,OT_PTGN_A/x_kodKarto1000k/_nilReason,OT_PTGN_A/geometria/Polygon/exterior/LinearRing/posList/__text,OT_PTGN_A/geometria/Polygon/_gml:id,OT_PTGN_A/geometria/Polygon/_srsName,OT_PTGN_A/geometria/Polygon/_srsDimension,OT_PTGN_A/rodzaj/__text,OT_PTGN_A/_gml:id,OT_PTGN_A/geometria/Polygon/interior/0/LinearRing/posList/__text,OT_PTGN_A/geometria/Polygon/interior/1/LinearRing/posList/__text,OT_PTGN_A/geometria/Polygon/interior/2/LinearRing/posList/__text,OT_PTGN_A/geometria/Polygon/interior/3/LinearRing/posList/__text,OT_PTGN_A/geometria/Polygon/interior/4/LinearRing/posList/__text,OT_PTGN_A/geometria/Polygon/interior/5/LinearRing/posList/__text,OT_PTGN_A/x_informDodatkowa/__text
2D124632-B4DB-9CCC-E053-CA2BA8C09B42,PL.PZGiK.994.BDOT10k,2013-01-01T00:00:00,false,PTGN04,true,inapplicable,Prz,m,5,Ort,Trn,true,inapplicable,KR,Uzytkownik04.xml,2012-11-26,2012-11-26,2012-11-26T00:00:00,2012-11-26,0010_736,0025_736,0050_736,0100_736_small,true,inapplicable,true,inapplicable,true,inapplicable,471433.97 592902.48 471436.03 592901.99 471438.27 592901.13 471445.96 592898.32 471454.65 592894.69 471488.94 592881.67 471517.7 592871.34 471528.57 592866.34 471549.89 592855.68 471566.95 592845.88 471577.18 592840.76 471586.56 592836.92 471610.02 592827.54 471637.31 592816.03 471677.39 592798.97 471692.31 592792.58 471712.78 592784.48 471724.29 592780.22 471715.97 592769.27 471647.07 592715.23 471649.82 592700.78 471560.42 592639.7 471560.05 592640.21 471557.12 592643.13 471546.92 592653.88 471541.24 592660.92 471534.8 592669.31 471518.76 592690.71 471516.39 592694.11 471510.31 592703.81 471501.57 592718.45 471491.8 592734.93 471489.37 592739.77 471488.25 592742.01 471484.86 592748.81 471478.98 592760.86 471468.4 592784.31 471461.17 592802.02 471453.91 592821.31 471450.46 592830.9 471447.25 592841.5 471443.02 592856.44 471441.07 592864.48 471433.97 592902.48,g_7,EPSG:2180,2,Inn,PL.PZGIK.BDOT10k.PTGNA.04.1511,,,,,,,
2D124632-B4DC-9CCC-E053-CA2BA8C09B42,PL.PZGiK.994.BDOT10k,2016-12-20T00:00:00,false,PTGN04,true,inapplicable,Prz,m,5,Ort,Trn,true,inapplicable,KR,Uzytkownik04.xml,2012-11-26,2012-11-26,2016-12-20T00:00:00,2012-11-26,0010_736,0025_736,0050_736,0100_736_small,true,inapplicable,true,inapplicable,true,inapplicable,482967.73 588947.88 482970.72 588925.11 482995.11 588833.51 483004.39 588795 483063.32 588722.62 483085.45 588692.73 483126.88 588636.78 483225.25 588501.29 483253.55 588461.85 483267.74 588440.4 483262.17 588438.04 483214.91 588418 483203.29 588413.08 483168.56 588398.37 483157.42 588393.4 483151.47 588404.32 483138.02 588417.31 483128.74 588428.91 483111.57 588458.14 483098.11 588477.63 483058.63 588523.97 483008.57 588598.05 482995.44 588590.31 483020.02 588487.27 482963.35 588470.85 482959.92 588486.7 482891.44 588800.65 482866.34 588907.42 482903.48 588923.09 482883.12 588984.18 482941.11 589004.54 482949.61 589004.52 482958.4 589005.55 482967.73 588947.88,g_41,EPSG:2180,2,Inn,PL.PZGIK.BDOT10k.PTGNA.04.1512,482967.04 588855.43 482962.6 588854.98 482957.93 588853.65 482956.6 588852.32 482956.38 588850.54 482957.04 588846.32 482959.82 588840.49 482961.71 588836.55 482963.26 588833.44 482966.82 588833.66 482970.81 588834.1 482972.81 588836.33 482973.7 588838.77 482969.04 588854.98 482967.04 588855.43,482977.03 588821.22 482974.14 588820.78 482971.48 588816.56 482969.7 588809.67 482970.15 588805.68 482972.15 588804.79 482975.48 588806.57 482977.25 588811.01 482979.25 588813.67 482980.59 588816.78 482978.81 588820.78 482977.03 588821.22,482933.48 588761.24 482923.72 588758.66 482919 588755.3 482918.33 588743.51 482927.09 588703.78 482929.11 588693 482931.8 588680.55 482936.18 588671.12 482941.56 588657.31 482953.01 588602.09 482959.41 588602.43 482961.09 588606.13 482962.78 588612.53 482964.46 588620.27 482967.16 588627.68 482968.5 588645.53 482964.46 588673.14 482959.41 588708.83 482952.34 588731.73 482950.32 588742.84 482946.28 588750.92 482939.88 588758.66 482933.48 588761.24,483140.4 588575.49 483136.19 588573.81 483134.17 588570.44 483131.98 588564.21 483131.64 588557.98 483129.12 588554.11 483128.44 588551.75 483129.79 588550.24 483132.48 588549.23 483135.85 588548.38 483139.05 588549.73 483141.24 588550.07 483144.27 588547.21 483148.31 588541.31 483149.49 588539.29 483151.84 588538.79 483154.2 588539.12 483160.43 588540.81 483160.94 588544.51 483153.7 588551.92 483144.27 588561.85 483142.92 588565.56 483145.11 588568.76 483145.61 588571.45 483143.76 588574.31 483140.4 588575.49,483098.14 588563.7 483093.42 588561.85 483089.89 588559.66 483087.19 588554.95 483086.18 588552.09 483088.2 588550.91 483092.25 588550.57 483091.57 588549.23 483091.4 588546.03 483092.58 588544.68 483096.96 588544.68 483098.98 588543.33 483102.68 588540.47 483103.19 588538.62 483102.52 588535.25 483098.81 588529.53 483093.76 588526.16 483103.36 588510.17 483105.21 588509.16 483107.9 588511.01 483115.31 588519.26 483120.19 588521.28 483121.71 588523.47 483121.71 588526.33 483119.01 588528.52 483112.78 588532.9 483112.45 588535.08 483115.98 588538.62 483118.68 588542.15 483120.19 588544.85 483119.35 588548.22 483119.18 588550.4 483115.98 588554.61 483110.6 588555.46 483107.06 588557.98 483105.55 588561.18 483103.19 588563.54 483098.14 588563.7,483146.46 588497.54 483140.73 588497.37 483126.34 588491.27 483124.4 588488.11 483125.24 588485.08 483129.79 588480.03 483136.36 588481.04 483146.62 588486.09 483149.04 588493.02 483148.98 588495.01 483146.46 588497.54,
2D124632-B4DD-9CCC-E053-CA2BA8C09B42,PL.PZGiK.994.BDOT10k,2016-12-20T00:00:00,false,PTGN03,true,inapplicable,Prz,m,1,Ort,Trn,true,inapplicable,KR,Uzytkownik04.xml,2012-11-26,2016-12-07,2016-12-20T00:00:00,2012-11-26,0010_737,0025_737,0050_737_small,0100_737_small,true,inapplicable,true,inapplicable,true,inapplicable,485689.06 562384.1 485662.61 562355.16 485607.94 562302.6 485594.76 562293.54 485587.5 562330.93 485573.83 562342.8 485641.98 562419.62 485689.06 562384.1,g_93,EPSG:2180,2,Psk,PL.PZGIK.BDOT10k.PTGNA.04.1513,,,,,,,
2D124632-B4DE-9CCC-E053-CA2BA8C09B42,PL.PZGiK.994.BDOT10k,2016-12-20T00:00:00,false,PTGN03,true,inapplicable,Prz,m,1,Ort,Trn,true,inapplicable,KR,Uzytkownik04.xml,2012-11-26,2016-12-07,2016-12-20T00:00:00,2012-11-26,0010_737,0025_737_small,0050_737_small,0100_737_small,true,inapplicable,true,inapplicable,true,inapplicable,486992.84 564172.36 486986.3 564158.17 486969.75 564150.35 486886.12 564198.92 486907.57 564231.3 486992.84 564172.36,g_127,EPSG:2180,2,Psk,PL.PZGIK.BDOT10k.PTGNA.04.1514,,,,,,,
2D124632-B4DF-9CCC-E053-CA2BA8C09B42,PL.PZGiK.994.BDOT10k,2016-12-20T00:00:00,false,PTGN03,true,inapplicable,Prz,m,1,Ort,Trn,true,inapplicable,KR,Uzytkownik04.xml,2012-11-26,2016-12-07,2016-12-20T00:00:00,2012-11-26,0010_737,0025_737_small,0050_737_small,0100_737_small,true,inapplicable,true,inapplicable,true,inapplicable,487367.47 560430.8 487358.07 560436.14 487394.23 560431.45 487421.09 560427.4 487437.36 560438.9 487452.92 560447.57 487444.25 560427.22 487436.82 560415.9 487425.15 560412.54 487413.04 560415.55 487394.2 560421.13 487378.98 560426.13 487367.47 560430.8,g_161,EPSG:2180,2,Psk,PL.PZGIK.BDOT10k.PTGNA.04.1515,,,,,,,
2D124632-B4E0-9CCC-E053-CA2BA8C09B42,PL.PZGiK.994.BDOT10k,2016-12-20T00:00:00,false,PTGN03,true,inapplicable,Prz,m,1,Ort,Trn,true,inapplicable,KR,Uzytkownik04.xml,2012-11-26,2016-12-07,2016-12-20T00:00:00,2012-11-26,0010_737,0025_737_small,0050_737_small,0100_737_small,true,inapplicable,true,inapplicable,true,inapplicable,487517.9 560406.42 487565.66 560394.56 487601.42 560386.46 487594.79 560365.07 487583.18 560370.67 487548.5 560378.99 487523.56 560383.41 487499.86 560394.21 487490.41 560397.72 487469.02 560405.66 487480.29 560422.57 487517.9 560406.42,g_195,EPSG:2180,2,Psk,PL.PZGIK.BDOT10k.PTGNA.04.1516,,,,,,,
2D124632-B4E1-9CCC-E053-CA2BA8C09B42,PL.PZGiK.994.BDOT10k,2016-12-20T00:00:00,false,PTGN03,true,inapplicable,Prz,m,1,Ort,Trn,true,inapplicable,KR,Uzytkownik04.xml,2012-11-26,2016-12-07,2016-12-20T00:00:00,2012-11-26,0010_737,0025_737,0050_737_small,0100_737_small,true,inapplicable,true,inapplicable,true,inapplicable,488985.05 567135.91 488995.58 567129.98 488995.91 567119.77 488994.6 567110.88 488984.72 567101.01 488967.61 567097.39 488955.44 567087.84 488943.59 567081.25 488931.09 567085.2 488920.23 567093.76 488912.99 567095.41 488902.79 567094.75 488883.04 567078.95 488871.53 567077.96 488854.74 567085.53 488834.67 567088.17 488822.17 567093.11 488804.73 567105.29 488798.14 567115.49 488801.11 567123.73 488813.61 567128.99 488838.62 567128.33 488860.67 567121.09 488871.85 567115.16 488880.74 567115.16 488896.21 567126.69 488907.72 567125.7 488920.89 567129.65 488945.24 567141.5 488961.69 567142.49 488985.05 567135.91,g_229,EPSG:2180,2,Psk,PL.PZGIK.BDOT10k.PTGNA.04.1517,,,,,,,
2D124632-B4E2-9CCC-E053-CA2BA8C09B42,PL.PZGiK.994.BDOT10k,2016-12-20T00:00:00,false,PTGN04,true,inapplicable,Prz,m,1,Ort,Trn,true,inapplicable,KR,Uzytkownik04.xml,2012-11-26,2016-12-07,2016-12-20T00:00:00,2012-11-26,0010_736,0025_736,0050_736,0100_736_small,true,inapplicable,true,inapplicable,true,inapplicable,463760.48 576492.58 463777.8 576481.56 463760.25 576470.55 463730.19 576436.91 463722.75 576410.72 463747.28 576386.75 463767.39 576365.18 463747.15 576352.98 463753.7 576339.58 463751.62 576330.35 463771.26 576331.54 463780.48 576317.85 463792.98 576320.53 463804.58 576320.53 463817.97 576312.49 463839.7 576308.33 463854.87 576281.54 463818.87 576271.71 463831.36 576250.58 463788.22 576251.47 463790.6 576242.25 463796.25 576215.75 463806.37 576177.77 463778.4 576164.67 463791.79 576149.19 463812.02 576145.02 463858.44 576138.77 463882.25 576125.09 463898.56 576113.24 463900.7 576104.55 463872.43 576064.67 463845.95 576056.63 463809.05 576033.41 463776.45 576057.7 463754.58 576026.57 463743.48 576035.25 463742.88 576038.67 463726.95 576048.5 463726.21 576046.86 463693.84 576070.84 463717.59 576095.88 463710.15 576101.24 463701.52 576108.08 463693.78 576120.28 463691.11 576132.19 463695.57 576145.29 463690.51 576150.05 463682.48 576149.45 463669.98 576145.88 463659.57 576147.67 463652.13 576145.88 463642.31 576149.16 463618.8 576171.18 463610.77 576187.55 463606.9 576209.87 463615.23 576225.05 463649.86 576254.04 463629.03 576263.86 463627.84 576279.94 463650.93 576311.36 463626.09 576325.68 463617.08 576324.47 463605.53 576324.07 463606.6 576337.55 463650.63 576385.18 463750.01 576499.47 463760.48 576492.58,g_263,EPSG:2180,2,Inn,PL.PZGIK.BDOT10k.PTGNA.04.1518,,,,,,,
2D124632-B4E3-9CCC-E053-CA2BA8C09B42,PL.PZGiK.994.BDOT10k,2016-12-20T00:00:00,false,PTGN04,true,inapplicable,Prz,m,1,Ort,Trn,true,inapplicable,KR,Uzytkownik04.xml,2015-02-10,2016-12-07,2016-12-20T00:00:00,2012-11-26,0010_736,0025_736,0050_736_small,0100_736_small,true,inapplicable,true,inapplicable,true,inapplicable,465952.57 574055.86 466010.7 574024.63 466007.32 574018.42 465987.22 573982.66 465956.72 573928.4 465942.47 573936.17 465958.59 573963.26 465930.68 573979.47 465915.06 573951.48 465909.33 573942.57 465904.46 573939.22 465899.29 573940.44 465865.57 573961.63 465858.99 573965.76 465883.39 574005.95 465891.67 574020.14 465899.55 574032.04 465908.43 574044.72 465909.16 574046.21 465921.97 574072.3 465952.57 574055.86,g_297,EPSG:2180,2,Inn,PL.PZGIK.BDOT10k.PTGNA.04.1519,465897.22 574014.49 465877.86 573982.16 465899.6 573969.05 465919.67 574001.62 465897.22 574014.49,,,,,,
2D124632-B4E4-9CCC-E053-CA2BA8C09B42,PL.PZGiK.994.BDOT10k,2016-12-20T00:00:00,false,PTGN03,true,inapplicable,Prz,m,1,Ort,Trn,true,inapplicable,KR,Uzytkownik04.xml,2015-02-10,2016-12-07,2016-12-20T00:00:00,2012-11-26,0010_737,0025_737,0050_737_small,0100_737_small,true,inapplicable,true,inapplicable,true,inapplicable,464923.57 575214.15 464927.8 575270.24 464935.83 575327.24 464937.04 575335.7 464956.66 575334.79 464947.28 575270.1 464941.94 575204.38 464945.38 575145.77 464952.84 575109.57 464962.03 575102.1 464971.21 575102.1 465004.51 575123.36 465012.54 575123.36 465025.74 575119.92 465040.67 575120.49 465038.37 575105.55 465021.15 575103.83 464983.84 575092.91 464957.44 575084.87 464944.23 575091.76 464933.9 575103.83 464929.31 575133.13 464923.57 575214.15,g_334,EPSG:2180,2,Psk,PL.PZGIK.BDOT10k.PTGNA.04.1520,,,,,,,
2D124632-B4E5-9CCC-E053-CA2BA8C09B42,PL.PZGiK.994.BDOT10k,2013-01-01T00:00:00,false,PTGN04,true,inapplicable,Prz,m,5,Ort,Trn,true,inapplicable,KR,Uzytkownik04.xml,2012-11-26,2012-11-26,2012-11-26T00:00:00,2012-11-26,0010_736,0025_736,0050_736_small,0100_736_small,true,inapplicable,true,inapplicable,true,inapplicable,468270.17 589642.23 468276.55 589632.6 468287.48 589614.94 468308.22 589578.24 468220.91 589533.61 468201.96 589565.92 468237.83 589586 468238.82 589588.47 468239.15 589592.91 468239.64 589598.67 468240.46 589602.95 468241.45 589606.57 468270.17 589642.23,g_368,EPSG:2180,2,Inn,PL.PZGIK.BDOT10k.PTGNA.04.1521,,,,,,,
2D124632-B4E6-9CCC-E053-CA2BA8C09B42,PL.PZGiK.994.BDOT10k,2016-12-20T00:00:00,false,PTGN03,true,inapplicable,Prz,m,1,Ort,Trn,true,inapplicable,KR,Uzytkownik04.xml,2012-11-26,2016-12-07,2016-12-20T00:00:00,2012-11-26,0010_737,0025_737,0050_737_small,0100_737_small,true,inapplicable,true,inapplicable,true,inapplicable,491370.27 555654.41 491372.52 555664.3 491403.98 555661.6 491414.76 555654.41 491436.33 555650.81 491444.87 555641.37 491495.64 555637.77 491528.9 555617.54 491587.78 555617.06 491632.61 555587.68 491649.15 555578.44 491655.61 555562.65 491675.33 555554.4 491688.6 555543.63 491697.57 555543.27 491697.16 555524.4 491678.61 555535.22 491654.93 555543 491623.14 555558.91 491587.71 555573.94 491502.39 555603.16 491496.99 555599.11 491432.73 555613.05 491421.5 555619.79 491417.01 555640.02 491370.27 555654.41,g_402,EPSG:2180,2,Psk,PL.PZGIK.BDOT10k.PTGNA.04.1522,,,,,,,
2D124632-B4E7-9CCC-E053-CA2BA8C09B42,PL.PZGiK.994.BDOT10k,2013-01-01T00:00:00,false,PTGN04,true,inapplicable,Prz,m,5,Ort,Trn,true,inapplicable,KR,Uzytkownik04.xml,2012-11-26,2012-11-26,2012-11-26T00:00:00,2012-11-26,0010_736,0025_736,0050_736,0100_736_small,true,inapplicable,true,inapplicable,true,inapplicable,474981.56 581799.72 475029.79 581797.24 475029.96 581795.28 475032.01 581782.72 475037.56 581759.36 475039.6 581752.35 475039.66 581745.65 475037.98 581709.98 475035.05 581682.68 475031.63 581654.78 475021.84 581583.8 475010.1 581523.66 475009.48 581520.97 475002.29 581489.97 474993.27 581455.53 474934.37 581473.57 474935.4 581523.25 474939.38 581522.83 474949.16 581587.07 474963.41 581592.11 474970.65 581665.19 474962.67 581675.73 474981.56 581799.72,g_436,EPSG:2180,2,Inn,PL.PZGIK.BDOT10k.PTGNA.04.1523,,,,,,,
2D124632-B4E8-9CCC-E053-CA2BA8C09B42,PL.PZGiK.994.BDOT10k,2013-01-01T00:00:00,false,PTGN04,true,inapplicable,Prz,m,5,Ort,Trn,true,inapplicable,KR,Uzytkownik04.xml,2012-11-26,2012-11-26,2012-11-26T00:00:00,2012-11-26,0010_736,0025_736,0050_736_small,0100_736_small,true,inapplicable,true,inapplicable,true,inapplicable,482439.57 585214.96 482448.52 585212.25 482469.92 585203.01 482479.11 585197.08 482480.6 585192.08 482474.12 585143.18 482471.67 585148.43 482460.12 585151.93 482454.93 585148.96 482441.66 585141.65 482391.23 585124.67 482381.74 585140.65 482361.27 585137.66 482330.81 585126.17 482328.81 585126.17 482299.85 585119.68 482269.89 585121.18 482268.39 585126.67 482272.89 585134.41 482289.36 585135.66 482345.79 585150.39 482357.02 585154.88 482376.25 585165.87 482390.48 585174.61 482399.21 585179.6 482400.79 585188.26 482412.55 585193.67 482420.91 585197.98 482427.24 585201.77 482432.32 585206.74 482437.36 585212.91 482439.57 585214.96,g_470,EPSG:2180,2,Inn,PL.PZGIK.BDOT10k.PTGNA.04.1524,,,,,,,
2D124632-B4E9-9CCC-E053-CA2BA8C09B42,PL.PZGiK.994.BDOT10k,2013-01-01T00:00:00,false,PTGN04,true,inapplicable,Prz,m,5,Ort,Trn,true,inapplicable,KR,Uzytkownik04.xml,2012-11-26,2012-11-26,2012-11-26T00:00:00,2012-11-26,0010_736,0025_736,0050_736_small,0100_736_small,true,inapplicable,true,inapplicable,true,inapplicable,482049.63 586609.96 481960.77 586628.84 481962.01 586631.09 481969.21 586645.5 481972.76 586654.15 481974.7 586658.88 481978.13 586673.29 481982.67 586695.97 481982.94 586697.31 481988.09 586733 481990.14 586752.21 482014.32 586742.96 482024.83 586739.34 482032.81 586737.89 482040.51 586735.95 482041.82 586735.68 482051.66 586733.69 482056.97 586732.79 482053.59 586682.68 482050.82 586627.33 482049.63 586609.96,g_504,EPSG:2180,2,Inn,PL.PZGIK.BDOT10k.PTGNA.04.1525,,,,,,,
2D124632-B4EA-9CCC-E053-CA2BA8C09B42,PL.PZGiK.994.BDOT10k,2013-01-01T00:00:00,false,PTGN04,true,inapplicable,Prz,m,5,Ort,Trn,true,inapplicable,KR,Uzytkownik04.xml,2012-11-26,2012-11-26,2012-11-26T00:00:00,2012-11-26,0010_736,0025_736,0050_736_small,0100_736_small,true,inapplicable,true,inapplicable,true,inapplicable,484328.16 585249.65 484366.4 585240.89 484332.15 585173.55 484292.87 585084.9 484309.24 585077.23 484300.63 585061.1 484294.14 585055.6 484287.32 585052.32 484279.74 585053.08 484276.96 585055.35 484275.95 585062.67 484272.17 585073.53 484265.35 585084.65 484256.76 585098.28 484328.16 585249.65,g_538,EPSG:2180,2,Inn,PL.PZGIK.BDOT10k.PTGNA.04.1526,484289.58 585160.01 484288.38 585157.89 484277.95 585134.28 484268.24 585103.55 484267.67 585101.75 484266.01 585096.54 484265.85 585094.57 484266.59 585093.33 484268.25 585092.22 484272.18 585091.67 484275.57 585091.76 484276.64 585092.92 484276.93 585093.89 484280.18 585104.88 484281.34 585111.46 484284.06 585116.73 484286.69 585127.19 484293.86 585141.03 484297.24 585147.05 484298.73 585151.73 484298.73 585154.62 484297.97 585155.87 484296.83 585156.8 484295.79 585157.4 484293.94 585157.83 484292.8 585158.11 484291.35 585159.65 484290.41 585160.09 484289.58 585160.01,,,,,,
2D124632-B4EB-9CCC-E053-CA2BA8C09B42,PL.PZGiK.994.BDOT10k,2016-12-20T00:00:00,false,PTGN03,true,inapplicable,Prz,m,1,Ort,Trn,true,inapplicable,KR,Uzytkownik04.xml,2012-11-26,2016-12-07,2016-12-20T00:00:00,2012-11-26,0010_737,0025_737,0050_737_small,0100_737_small,true,inapplicable,true,inapplicable,true,inapplicable,486095.5 577645.41 486062.34 577603.79 486033.98 577574.15 485977.25 577613.9 486032.61 577671.34 486036.8 577674.65 486043.78 577677.64 486095.5 577645.41,g_575,EPSG:2180,2,Psk,PL.PZGIK.BDOT10k.PTGNA.04.1527,,,,,,,
2D124632-B4EC-9CCC-E053-CA2BA8C09B42,PL.PZGiK.994.BDOT10k,2016-12-20T00:00:00,false,PTGN03,true,inapplicable,Prz,m,1,Ort,Trn,true,inapplicable,KR,Uzytkownik04.xml,2012-11-26,2016-12-07,2016-12-20T00:00:00,2012-11-26,0010_737,0025_737,0050_737_small,0100_737_small,true,inapplicable,true,inapplicable,true,inapplicable,486893.76 579070.03 486900.52 579065.89 487042.4 578918.68 487048.62 578912.03 487053.34 578905.69 487055.06 578901.83 487055.27 578897.32 487054.52 578893.45 487053.02 578890.34 487050.87 578887.11 487031.13 578868.21 487024.91 578861.13 487019.33 578853.07 487015.57 578846.74 487010.96 578837.29 487011.71 578844.59 487011.17 578849.31 487009.03 578852.64 487005.27 578856.72 486999.05 578862.37 486857.6 578987.4 486853.95 578993.42 486851.81 579001.15 486853.1 579006.3 486875.41 579062.52 486877.77 579066.06 486880.56 579069.5 486884.96 579070.78 486889.9 579071.11 486893.76 579070.03,g_609,EPSG:2180,2,Psk,PL.PZGIK.BDOT10k.PTGNA.04.1528,,,,,,,
2D124632-B4ED-9CCC-E053-CA2BA8C09B42,PL.PZGiK.994.BDOT10k,2016-12-20T00:00:00,false,PTGN03,true,inapplicable,Prz,m,1,Ort,Trn,true,inapplicable,KR,Uzytkownik04.xml,2012-11-26,2016-12-07,2016-12-20T00:00:00,2012-11-26,0010_737,0025_737,0050_737_small,0100_737_small,true,inapplicable,true,inapplicable,true,inapplicable,487387.3 579575.26 487444.1 579516.03 487492.66 579465.31 487487.72 579452.47 487484.08 579449.42 487477.4 579449.56 487470.27 579452.33 487460.82 579461.63 487444 579479.29 487408.87 579518.52 487395.2 579531.41 487376.52 579532.18 487354.61 579554.62 487332.29 579576.81 487318.98 579589.42 487348.04 579618.45 487387.3 579575.26,g_643,EPSG:2180,2,Psk,PL.PZGIK.BDOT10k.PTGNA.04.1529,,,,,,,
2D124632-B4EE-9CCC-E053-CA2BA8C09B42,PL.PZGiK.994.BDOT10k,2013-01-01T00:00:00,false,PTGN03,true,inapplicable,Prz,m,5,Ort,Trn,true,inapplicable,KR,Uzytkownik04.xml,2012-11-26,2012-11-26,2012-11-26T00:00:00,2012-11-26,0010_737,0025_737_small,0050_737_small,0100_737_small,true,inapplicable,true,inapplicable,true,inapplicable,482532.03 580930.37 482500.32 580929.78 482489.73 580932.06 482483.58 580935.45 482476.16 580942.02 482467.68 580951.56 482463.66 580954.53 482457.51 580962.37 482446.91 580976.36 482458.57 580983.78 482467.05 580986.11 482486.55 580990.35 482502.45 580992.26 482513.68 580993.1 482518.77 580993.1 482523.01 580992.89 482526.61 580991.41 482531.48 580986.11 482540.39 580972.33 482532.03 580930.37,g_677,EPSG:2180,2,Psk,PL.PZGIK.BDOT10k.PTGNA.04.1530,,,,,,,
2D124632-B4EF-9CCC-E053-CA2BA8C09B42,PL.PZGiK.994.BDOT10k,2013-01-01T00:00:00,false,PTGN04,true,inapplicable,Prz,m,5,Ort,Trn,true,inapplicable,KR,Uzytkownik04.xml,2012-11-26,2012-11-26,2012-11-26T00:00:00,2012-11-26,0010_736,0025_736,0050_736_small,0100_736_small,true,inapplicable,true,inapplicable,true,inapplicable,486894.6 582144.26 486901.9 582146.2 486907.09 582148.15 486909.11 582149.25 486923.14 582127.38 486932.38 582116.61 486944.69 582110.45 486956.23 582112.37 486966.62 582116.22 486976.91 582122.23 486978.25 582120.6 486981.55 582118.12 487018.31 582066.59 486939.82 582014.51 486929.04 582033.24 486905.7 582076.59 486872.21 582139.48 486882.44 582141.18 486894.6 582144.26,g_711,EPSG:2180,2,Inn,PL.PZGIK.BDOT10k.PTGNA.04.1531,,,,,,,
2D124632-B4F0-9CCC-E053-CA2BA8C09B42,PL.PZGiK.994.BDOT10k,2016-12-20T00:00:00,false,PTGN04,true,inapplicable,Prz,m,1,Ort,Trn,true,inapplicable,KR,Uzytkownik04.xml,2012-11-26,2016-12-07,2016-12-20T00:00:00,2012-11-26,0010_736,0025_736,0050_736,0100_736,true,inapplicable,true,inapplicable,true,inapplicable,472711.26 559474.78 472700.75 559477.36 472729.88 559571.28 472748.4 559594.18 472759.84 559603.99 472774.55 559608.9 472798.52 559608.36 472848.09 559595.27 472930.23 559564.48 473007.04 559532.86 473064.77 559508.87 473075.29 559510.19 473095.28 559512.69 473136.68 559519.23 473163.37 559517.05 473200.41 559512.14 473237.09 559506.59 473247.25 559505.05 473279.4 559512.14 473386.16 559529.59 473419.93 559530.13 473494.01 559518.14 473504.36 559519.77 473516.34 559524.14 473530.51 559531.77 473537.59 559537.77 473547.39 559539.4 473558.83 559538.86 473584.43 559531.77 473636.72 559515.41 473702.09 559494.15 473748.39 559471.25 473775.08 559453.26 473789.79 559450.53 473800.68 559451.62 473817.57 559454.35 473866.59 559457.07 473911.8 559455.44 473952.13 559483.24 473987.54 559504.5 473996.63 559507.28 474007.15 559510.5 474025.12 559509.41 474128.07 559499.59 474176.55 559484.33 474195.62 559485.96 474227.75 559487.6 474289.31 559502.32 474305.64 559503.41 474319.26 559499.05 474337.78 559489.78 474352.16 559476.95 474362.84 559467.42 474417.85 559405.81 474521.9 559300.03 474572.56 559259.68 474585.08 559253.69 474603.06 559247.14 474639.56 559238.96 474670.6 559225.33 474685.86 559214.43 474708.19 559197.53 474735.42 559169.17 474781.44 559131.35 474827.64 559103.67 474885.72 559079.48 475006.43 559043.66 475134.45 559026.8 475132.11 559134.07 475130.53 559206.4 475125.35 559335.01 475105.61 559390.44 475129.55 559435.86 475137.32 559462.18 475134.84 559493.79 475147.53 559635.26 475143.28 559680.85 475137.48 559760.69 475138.87 559805.91 475145.6 559853.58 475152.45 559902.05 475159.6 559932.35 475191.12 559992.17 475218.52 560058.54 475298.46 560229.22 475386.77 560389.16 475389.06 560404.5 475387.68 560419.99 475383.02 560433.65 475374.53 560446.09 475349.33 560465.94 475331.4 560482.69 475328.02 560499.19 475325.81 560510.01 475329 560561.16 475330.29 560719.75 475323.51 560746.5 475290.08 560854.34 475280.64 560893.62 475281.14 560924.94 475288.75 560960.21 475331.18 561085.82 475358.78 561175.71 475366.42 561229.31 475372.52 561292.94 475373.37 561303.87 475379.32 561351.75 475419.53 561348.69 475495.55 561342.9 475594.73 561327.73 475600.48 561388.53 475619.36 561568.17 475628.84 561700.96 475521.11 561738.95 475522.2 561740.75 475530.51 561756.45 475573.29 561745.06 475648.46 561722.93 475646.57 561687.52 475644.01 561584.73 475632.01 561488.78 475616.22 561324.38 475736.87 561314.89 475860.47 561310.23 475967.78 561306.18 476056.21 561309.34 476195.82 561337.17 476534.72 561404.18 476983.34 561495.61 477093.75 561518.78 477098.56 561519.79 477206.33 561542.4 477384.7 561584.51 477413.75 561590.83 477464.92 561594.62 477538.38 561611.45 477701.18 561666.71 477733.87 561711.39 477761.03 561737.31 477789.46 561751.22 477817.25 561759.44 477842.52 561762.6 477872.84 561761.34 477886.74 561765.13 477912.88 561785.62 477971.76 561835.14 478000.82 561858.54 478014.72 562004.6 478026.06 562112.37 478026.7 562168.65 478025.09 562196.18 478022.27 562211.01 478021.06 562230.2 478017.27 562268.14 477992.63 562370.58 477973.68 562462.27 477948.45 562573.1 477933.29 562697.67 477917.5 562756.64 477887.18 562890.06 477871.39 562910.3 477813.27 562958.35 477807.1 562973.26 477809.63 562990.97 477822.83 563023.65 477832.3 563054.01 477829.14 563067.92 477827.88 563091.95 477833.47 563153.19 477832.65 563202.73 477831.63 563264.3 477818.36 563340.81 477800.57 563434.81 477789.92 563491.13 477781.13 563537.58 477756.49 563652.03 477718.07 563908.36 477681.84 564116.84 477678.86 564133.99 477671.53 564175.5 477654.86 564269.94 477606.75 564537.24 477598.09 564585.37 477587.7 564672.66 477577.31 564759.95 477549.52 564917.4 477530.57 565028.29 477519.2 565059.28 477459.18 565129.47 477416.23 565157.29 477384.01 565196.49 477341.17 565254.27 477313.91 565275.91 477304.53 565283.36 477268.53 565318.77 477224.94 565346.59 477206.62 565349.12 477188.93 565346.59 477142.18 565318.14 477120.08 565296.01 477101.76 565281.46 476923.62 565250.48 476868.53 565242.69 476619.62 565207.48 476549.5 565208.75 476489.26 565205.51 476478.75 565204.95 476446.54 565201.16 476421.27 565199.14 476414.95 565198.63 476392.21 565190.41 476291.33 565147.44 476255.32 565142.38 476202.26 565141.11 476091.08 565124.04 475942.53 565078.82 475879.92 565055.15 475852.19 565044.67 475821.24 565018.75 475808.61 565016.85 475771.97 565018.12 475720.17 565028.23 475645.63 565049.73 475613.41 565068.07 475605.8 565072.16 475598.18 565076.26 475560.81 565096.35 475564.46 565122.35 475530.82 565300.04 475517.26 565367.94 475513.74 565407.67 475512.23 565427.29 475514.24 565451.94 475517.7 565478.76 475551.36 565585.89 475606.56 565730.84 475683.64 565917.51 475704.44 565920.97 475681.56 565857.09 475655.88 565785.4 475589.06 565627.62 475699.35 565134.84 475588.09 565116.86 475593.61 565102.74 475605.42 565086.21 475610.09 565086.36 475670.26 565071.23 475789.02 565038.35 475797.24 565038.35 475819.98 565050.36 475845.1 565062.45 475901.47 565089.57 475970.95 565127.51 476040.44 565145.21 476136.46 565161.65 476266.24 565175.98 476302.25 565189.26 476415.15 565230.16 476434.91 565237.32 476450.07 565237.32 476498.66 565238.54 476550.51 565239.85 476692.34 565249.26 476830.69 565264.43 476857.33 565268.48 476930.5 565279.61 477090.66 565304.76 477153.83 565360.4 477158.99 565373.54 477215.31 565382.79 477305.29 565319.95 477316.18 565312.35 477468.17 565156.58 477524.39 565104.09 477542.08 565075.64 477553.45 565047.82 477571.34 564947.12 477570.29 564944 477569.6 564937.75 477570.99 564923.51 477602.23 564737.35 477605.34 564717.28 477614.62 564657.41 477713.88 564678.17 477727.76 564628.47 477681.56 564592.35 477721.41 564416.5 477658.93 564395.65 477664.02 564366.4 477677.75 564290.64 477713.19 564095.11 477744.67 563911.29 477784.12 563671.92 477828.06 563434.57 477834.4 563399 477857.68 563268.36 477864.16 563208.48 477863.34 563158.66 477863.13 563146.13 477858.71 563068.99 477863.15 563045.38 477861.26 563029.57 477846.73 563015.03 477831.57 562990.37 477834.09 562980.25 477847.36 562968.24 477908.63 562902.48 477923.16 562875.29 477946.54 562761.47 477971.71 562614.04 477996.35 562474.93 478006.67 562430.79 478032.84 562318.82 478047.45 562256.32 478052.38 562210.63 478055.03 562186.13 478054.39 562090.64 478051.87 562048.91 478032.96 561877.38 478022.85 561848.93 478007.06 561836.91 477921.15 561762.3 477890.36 561731.74 477862.57 561731.74 477824.67 561726.68 477774.76 561704.55 477745.07 561679.25 477713.49 561642.58 477671.16 561623.61 477483.5 561563.9 477433.59 561551.69 477403.1 561544.22 477160.53 561492.37 477103.18 561481.64 476973.42 561457.36 476900.27 561443.68 476367.15 561345.23 476123.74 561300.28 476057.1 561293.67 476028.63 561287.98 476009.84 561287.16 475994.9 561286.97 475948.9 561286.38 475942.64 561286.95 475869.37 561286.15 475846.97 561287.17 475741.63 561291.96 475639.84 561302.6 475494.29 561313.81 475417.52 561327.2 475396.38 561330.89 475391.64 561303.78 475384.3 561227.18 475376.4 561171.77 475348.31 561080.3 475306.13 560955.42 475299.11 560922.88 475298.67 560895.61 475307.45 560859.11 475340.84 560751.38 475348.31 560721.92 475347 560560.52 475343.92 560511.27 475346.45 560498.9 475347.88 560491.92 475361.06 560479.61 475387.85 560458.51 475399.27 560441.78 475405.42 560423.75 475407.18 560403.96 475404.1 560383.3 475314.51 560221.04 475235 560051.28 475207.77 559985.33 475177.77 559916.65 475172.54 559888.55 475156.81 559803.72 475155.5 559761.07 475161.22 559682.34 475165.61 559635.29 475152.9 559493.69 475155.53 559460.27 475146.31 559429.05 475125.22 559389.04 475143.23 559338.47 475148.52 559206.96 475150.18 559130.83 475152.91 559006.21 475002.67 559026 474879.68 559062.5 474819.5 559087.56 474781.33 559110.52 474723.44 559159.08 474695.66 559185.8 474670.6 559204.34 474645 559217.84 474581.82 559238.14 474561.66 559245.78 474544.78 559256.14 474522.44 559274.13 474444.01 559356.46 474338.35 559464.97 474322.41 559475.12 474314.38 559480.24 474296.95 559487.33 474281.15 559488.42 474263.72 559482.42 474203.26 559467.7 474185.83 559467.16 474148.79 559473.15 474118.83 559480.24 474090.5 559484.06 474026.25 559490.59 474014.13 559488.74 473994.12 559485.69 473971.78 559472.06 473932.02 559439.89 473921.13 559437.16 473896.61 559438.8 473796.93 559431.16 473778.41 559433.34 473765.88 559438.8 473713.05 559474.78 473695.07 559482.96 473635.72 559499.31 473555.64 559525.48 473548.56 559526.57 473544.21 559525.48 473537.67 559521.66 473521.33 559511.85 473511.52 559509.67 473499.54 559508.58 473478.84 559511.85 473437.44 559515.67 473384.62 559517.3 473363.37 559513.48 473299.1 559500.94 473275.67 559495.49 473235.37 559492.21 473227.22 559493.26 473201.6 559496.57 473160.2 559503.12 473134.06 559502.57 473107.91 559499.3 473079.58 559492.21 473073.59 559492.86 473054.52 559494.94 472938.5 559546.74 472888.39 559569.64 472795.79 559598 472773.46 559594.72 472760.39 559589.27 472737.51 559559.28 472711.26 559474.78,g_745,EPSG:2180,2,Inn,PL.PZGIK.BDOT10k.PTGNA.04.1532,,,,,,,
2D124632-B4F1-9CCC-E053-CA2BA8C09B42,PL.PZGiK.994.BDOT10k,2016-12-20T00:00:00,false,PTGN04,true,inapplicable,Prz,m,1,Ort,Trn,true,inapplicable,KR,Uzytkownik04.xml,2016-12-07,2016-12-07,2016-12-20T00:00:00,2012-11-26,0010_736,0025_736,0050_736,0100_736,true,inapplicable,true,inapplicable,true,inapplicable,469826.09 560283.23 469855.54 560244.35 469881.78 560210.61 469890.96 560202.06 469900.13 560195.02 469910.78 560190.13 469929.98 560184.15 469992.49 560168.35 470128.82 560138.66 470173.84 560128.2 470192.83 560120.93 470212.67 560111.96 470229.31 560100.86 470249.6 560084.81 470304.73 560034.88 470320.03 560020.92 470405.49 559938.28 470457.98 559887.04 470476.83 559871.14 470499.35 559855.24 470509.91 559849.51 470518.03 559845.11 470556.25 559829.39 470582.42 559819.1 470678.2 559779.36 470760.24 559746.08 470734.44 559723.18 470710.51 559700.5 470709.25 559684.13 470715.55 559657.68 470704.21 559645.08 470681.54 559642.56 470673.98 559631.23 470691.61 559612.33 470705.47 559579.58 470694.13 559555.65 470668.94 559544.31 470628.63 559534.24 470598.4 559515.34 470589.58 559491.41 470595.88 559472.51 470663.9 559470 470713.03 559481.33 470732.93 559479.79 470752.83 559478.25 470729.51 559442.8 470702.06 559410.07 470652.51 559348.99 470630.8 559318.45 470578.9 559241.07 470549.96 559197.27 470477.2 559097.19 470454.46 559060.8 470450.95 559056.85 470436.27 559040.33 470445.49 559035.31 470448.4 559033.56 470460.32 559026.4 470492.83 559003.18 470534.94 558971.22 470577.06 558939.25 470586.89 558929.21 470576.94 558920.51 470483.93 558991.1 470452.09 559013.85 470440.73 559020.67 470422.71 559022.25 470402.16 558994.84 470343.27 558917.89 470336.8 558908.75 470304.62 558863.3 470268.24 558785.97 470259.3 558766.96 470250.05 558747.31 470229.58 558710.91 470220.76 558697.34 470200.02 558665.42 470163.64 558617.66 470139.28 558585.16 470122.72 558563.07 470076.12 558503.75 470044.29 558465.08 470021.55 558421.87 469989.72 558344.53 469969.26 558289.95 469957.89 558258.11 469939.7 558230.81 469914.69 558198.97 469835.11 558121.64 469780.54 558062.5 469770.54 558052.5 469757.8 558039.76 469737.34 558026.11 469721.42 558021.56 469684.09 558026.74 469632.01 558059.18 469548.2 558101.5 469447.11 558169.31 469285.41 558286.78 469195.15 558393.91 469184.58 558399.56 469011.45 558537.35 468946.52 558602.17 468898.87 558646.86 468875.14 558669.12 468748.49 558788.62 468697.41 558857.02 468645.98 558894.57 468658.98 558904.03 468672.96 558914.79 468684.79 558924.47 468698.77 558934.15 468763.44 558983.77 468800.11 559011.75 468835.06 559037.03 468870.01 559062.31 468965.96 559134.24 469071.36 559216 469262.59 559357.73 469267.7 559361.46 469309.76 559392.17 469342.17 559415.83 469441.34 559491.63 469444.19 559493.81 469530.22 559557.28 469574.28 559589.41 469670.29 559659.43 469674.5 559662.5 469761.61 559728.12 469807.68 559761.49 469909.78 559835.43 470019.47 559917.19 470160.87 560021.31 470233.25 560072.08 470237.63 560075.15 470220.48 560088.72 470205.37 560098.8 470187.05 560107.08 470169.44 560113.82 470125.53 560124.03 469989.06 560153.75 469925.91 560169.71 469905.4 560176.1 469892.34 560182.09 469881.26 560190.6 469870.68 560200.45 469843.64 560235.22 469820.82 560265.34 469784.07 560230.65 469741.62 560190.65 469715.52 560164.32 469676.78 560119.86 469637.7 560071.99 469595.22 560020.08 469555.66 559974.41 469533.47 559947.93 469512.35 559923.34 469490.8 559899.42 469452.82 559858.41 469436.4 559841.64 469419.99 559824.87 469397.54 559808.51 469299.52 559739.57 469246.73 559694.54 469153.56 559603.82 469059.55 559512.03 468962.02 559413.31 468955.74 559405.02 468932.55 559373.08 468923.24 559379.84 468946.5 559411.87 468949.9 559416.36 468953.31 559420.86 469051.44 559520.19 469103.31 559570.83 469145.53 559612.05 469238.98 559703.04 469292.32 559748.54 469381.71 559816.05 469393.44 559827.61 469447.4 559880.78 469486.44 559918.58 469502.87 559934.6 469525.48 559962.61 469543.62 559983.33 469575.41 560020.49 469497.9 560023.72 469451.18 560022.44 469427.93 560023.06 469418.97 560024.99 469362 560052.32 469357.89 560053.86 469353.46 560055.53 469347.92 560053.82 469334.05 560045.28 469288.82 560010.68 469250.81 559986.88 469227.8 559970 469184.86 559943.92 469131.18 559910.17 469106.64 559893.29 469068.3 559870.28 469059.82 559863.73 469034.56 559844.2 468976.28 559785.9 468956.71 559766.89 468933.71 559746.95 468903.03 559713.2 468864.69 559670.24 468846.97 559650.55 468823.28 559624.22 468804.88 559601.21 468760.4 559547.51 468728.19 559510.69 468699.05 559487.68 468672.98 559470.81 468643.49 559454.77 468627.08 559463.39 468604.84 559496.66 468582.03 559524.82 468559.1 559547.52 468552.95 559561.31 468529.7 559633.27 468504.18 559690.17 468499.28 559698.78 468491.45 559708.57 468455.15 559742.99 468451.28 559750.74 468439.8 559762.22 468426.47 559772.09 468403.99 559795.22 468392.75 559789.64 468377.02 559782.72 468360.4 559780.2 468343.79 559780.84 468327.25 559786.54 468318.16 559796.92 468310.26 559803.56 468295 559814.99 468266.2 559830.32 468252.65 559835.72 468247.55 559836.72 468240.7 559836.72 468231.26 559834.42 468214.75 559826.15 468194.98 559814.3 468186.87 559806.03 468172.61 559793.99 468159.64 559786.51 468145.98 559780.85 468134.93 559778.25 468127.86 559777.84 468122.65 559777.49 468117.59 559775.92 468114.51 559773.55 468085.34 559749.69 468025.04 559703.1 467997.1 559687.99 467959.37 559671.47 467916.3 559650.3 467901.06 559636.41 467855.7 559593.32 467836.1 559577.17 467825.29 559590.29 467844.43 559606.06 467906.12 559664.02 467952.18 559686.88 467989.63 559703.28 468015.74 559717.4 468074.76 559763 468103.94 559786.86 468109.62 559791.24 468119.51 559794.32 468126.8 559794.81 468132.48 559795.14 468140.75 559797.08 468152.1 559801.79 468162.8 559807.96 468175.29 559818.51 468184.37 559827.76 468206.56 559841.06 468225.37 559850.48 468238.66 559853.72 468249.2 559853.72 468257.47 559852.1 468273.36 559845.77 468304.14 559829.38 468320.84 559816.88 468330.09 559809.09 468337.06 559801.14 468346.95 559797.73 468359.44 559797.25 468372.24 559799.19 468385.54 559805.04 468391.55 559808.03 468404.14 559814.28 468432.94 559789.51 468459.41 559762.39 468504 559720.1 468513.39 559708.35 468519.36 559697.88 468545.59 559639.38 468568.85 559567.4 468573.33 559557.36 468594.65 559536.24 468618.54 559506.76 468638.81 559476.43 468642.87 559474.3 468650.55 559475.15 468696.63 559505.92 468719.25 559526 468813.34 559626.38 468909.14 559737.68 468943.07 559774.2 469018.36 559845.97 469031.22 559856.61 469034.36 559859.21 469054.63 559873.95 469085.56 559894.03 469121.19 559917.31 469199.05 559964.52 469265.45 560009.58 469306.97 560041.01 469335.34 560061.94 469346.44 560066.85 469352.2 560067.92 469355.83 560067.44 469361.8 560066.64 469410.88 560040.58 469424.96 560037.81 469445.23 560036.95 469582.45 560030.53 469624.92 560082.43 469664.17 560130.5 469703.43 560175.56 469730.1 560202.47 469772.75 560242.65 469810.52 560278.31 469822.47 560287.92 469826.09 560283.23,g_779,EPSG:2180,2,Inn,PL.PZGIK.BDOT10k.PTGNA.04.1533,470118.35 559080.87 469989.31 559076.4 469968.79 559075.81 469958.38 559070.15 469955.11 559063.9 469956.6 559058.55 469961.36 559051.4 469969.68 559048.13 470004.77 559046.04 470026.18 559040.69 470035.99 559032.65 470043.42 559013.9 470053.36 558998.96 470064.22 558993.01 470086.46 558965.57 470098.87 558940.21 470105.85 558930.64 470112.83 558926.5 470125.5 558927.79 470134.54 558931.15 470144.11 558936.85 470145.92 558950.56 470144.63 558974.37 470133.82 559013.01 470132.63 559049.02 470131.44 559070.75 470126.09 559077.59 470118.35 559080.87,470247.63 558938.75 470222.16 558928.02 470211.43 558915.27 470206.07 558902.52 470186.63 558891.11 470170.54 558884.4 470162.5 558877.69 470173.89 558852.86 470166.06 558848.71 470162.5 558846.82 470138.36 558862.93 470115.57 558860.91 470100.82 558861.58 470062.61 558839.44 470000.93 558811.93 469988.2 558800.52 469986.19 558750.19 469982.17 558732.07 469968.09 558728.05 469949.32 558730.73 469935.24 558736.1 469918.48 558747.51 469904.4 558744.15 469889.65 558734.09 469887.64 558722.68 469890.32 558715.3 469903.06 558698.52 469909.25 558686.93 469918.48 558669.66 469925.18 558652.89 469926.52 558626.72 469926.52 558603.9 469933.9 558585.78 469921.83 558581.09 469911.1 558587.12 469902.39 558580.41 469886.3 558568.33 469882.94 558557.59 469890.32 558547.53 469911.1 558540.15 469905.74 558523.37 469904.4 558512.63 469897.69 558499.21 469874.9 558494.51 469862.16 558489.15 469872.22 558484.45 469896.35 558487.8 469909.09 558485.12 469911.77 558472.37 469916.46 558461.63 469921.16 558449.55 469907.75 558446.87 469877.58 558470.36 469872.22 558459.62 469854.79 558459.62 469838.7 558458.95 469832 558451.57 469835.35 558438.15 469846.07 558427.41 469854.12 558416.67 469854.12 558405.94 469858.14 558391.84 469872.89 558377.08 469886.3 558366.34 469884.96 558357.62 469876.91 558350.91 469860.15 558344.2 469843.39 558344.2 469840.71 558331.45 469852.09 558324.74 469866.17 558310.65 469882.93 558300.58 469881.59 558286.49 469876.9 558267.03 469865.5 558258.98 469838.01 558258.31 469828.63 558256.29 469813.88 558257.64 469795.11 558253.61 469785.73 558234.82 469777.01 558222.74 469769.64 558213.35 469755.56 558210.66 469741.48 558214.69 469727.4 558214.02 469720.03 558207.31 469720.03 558189.86 469720.03 558175.77 469713.99 558170.4 469713.99 558154.96 469723.38 558145.57 469729.41 558130.14 469731.42 558117.39 469738.13 558101.28 469737.46 558075.78 469730.54 558040.81 469747.6 558052.19 469823.96 558133.11 469902.77 558209.7 469926.73 558240.2 469943.48 558265.34 469954.23 558295.45 469974.83 558350.38 470007.04 558428.66 470030.89 558473.98 470063.65 558513.78 470110.03 558572.81 470126.48 558594.76 470150.87 558627.31 470186.93 558674.64 470207.34 558706.06 470235.24 558757.42 470249.29 558783.28 470253.76 558792.78 470290.74 558871.39 470277.13 558880.37 470277.8 558908.56 470273.11 558925.33 470247.63 558938.75,,,,,Pas przeciwpożarowy
2D124632-B4F2-9CCC-E053-CA2BA8C09B42,PL.PZGiK.994.BDOT10k,2016-12-20T00:00:00,false,PTGN04,true,inapplicable,Prz,m,1,Ort,Trn,true,inapplicable,KR,Uzytkownik04.xml,2012-11-26,2016-12-07,2016-12-20T00:00:00,2012-11-26,0010_736,0025_736,0050_736_small,0100_736_small,true,inapplicable,true,inapplicable,true,inapplicable,472281.97 564599.35 472317.06 564594.85 472301.65 564497.68 472273.4 564499.42 472243.1 564501.28 472256.97 564602.56 472281.97 564599.35,g_820,EPSG:2180,2,Inn,PL.PZGIK.BDOT10k.PTGNA.04.151,,,,,,,Wojskowy ogródek chemiczny
2D124632-B4F3-9CCC-E053-CA2BA8C09B42,PL.PZGiK.994.BDOT10k,2016-12-20T00:00:00,false,PTGN03,true,inapplicable,Prz,m,1,Ort,Trn,true,inapplicable,KR,Uzytkownik04.xml,2015-02-10,2016-12-07,2016-12-20T00:00:00,2012-11-26,0010_737,0025_737_small,0050_737_small,0100_737_small,true,inapplicable,true,inapplicable,true,inapplicable,468236.5 568801.56 468232.71 568788.16 468228.54 568777.46 468227.04 568773.6 468228.66 568767.52 468229.59 568764.06 468210.52 568759.35 468185.62 568749.93 468174.4 568745.55 468168.8 568743.36 468165.88 568752.7 468164.44 568757.29 468168.81 568767.92 468183.95 568779.72 468222.38 568800.84 468228.76 568804.17 468232.42 568806.08 468236.5 568801.56,g_855,EPSG:2180,2,Psk,PL.PZGIK.BDOT10k.PTGNA.04.152,,,,,,,
2D124632-B4F4-9CCC-E053-CA2BA8C09B42,PL.PZGiK.994.BDOT10k,2016-12-20T00:00:00,false,PTGN03,true,inapplicable,Prz,m,1,Ort,Trn,true,inapplicable,KR,Uzytkownik04.xml,2015-02-10,2016-12-07,2016-12-20T00:00:00,2012-11-26,0010_737,0025_737_small,0050_737_small,0100_737_small,true,inapplicable,true,inapplicable,true,inapplicable,468258.34 568760.2 468266.6 568757.57 468272.84 568745.36 468275.17 568739.11 468275.75 568730.43 468275.89 568728.36 468273.06 568725.02 468267.39 568718.33 468264.56 568714.99 468261.35 568713.15 468237.69 568699.59 468231.96 568700.31 468228.43 568700.76 468226.21 568706.26 468216.33 568719.92 468215.89 568722.51 468215.46 568725.01 468214.46 568729.78 468214.34 568730.37 468227.52 568744.92 468244.23 568755.53 468256.57 568760.76 468258.34 568760.2,g_889,EPSG:2180,2,Psk,PL.PZGIK.BDOT10k.PTGNA.04.153,,,,,,,
2D124632-B4F5-9CCC-E053-CA2BA8C09B42,PL.PZGiK.994.BDOT10k,2016-12-20T00:00:00,false,PTGN04,true,inapplicable,Prz,m,1,Ort,Trn,true,inapplicable,KR,Uzytkownik04.xml,2015-02-10,2016-12-07,2016-12-20T00:00:00,2012-11-26,0010_736,0025_736,0050_736,0100_736,true,inapplicable,true,inapplicable,true,inapplicable,471121.01 566534.15 471126.8 566531.44 471074.18 566460.54 471037.21 566404.26 470998.34 566353.67 470934.93 566286.17 470914.79 566258.64 470906.07 566231.1 470896.18 566190.33 470888.62 566161.68 470880.56 566146.91 470864.46 566125.42 470849.69 566097.22 470836.27 566062.3 470798.68 566005.89 470766.8 565963.18 470734.07 565921.44 470715.79 565896.14 470701.6 565865.57 470685.84 565818.07 470675.74 565776.8 470671.66 565742.35 470665.04 565744.68 470667.96 565727.7 470669.76 565722.67 470675.35 565707.06 470685.07 565691.49 470712.69 565660.73 470726.3 565635.42 470753.53 565594.54 470767.53 565572.35 470763.64 565567 470746 565581.05 470727.02 565593.94 470735.73 565568.41 470746.52 565518.56 470750.7 565482.3 470769.87 565393.06 470781.71 565337.28 470800.86 565265.11 470811.31 565198.52 470817.58 565167.85 470853.11 565034.32 470870.86 564964.96 470872.95 564936.72 470870.16 564858.97 470865.98 564747.78 470867.03 564673.52 470869.81 564624.37 470875.73 564569.63 470875.73 564500.25 470877.12 564485.61 470877.12 564464.7 470869.81 564438.2 470868.06 564400.55 470860.41 564427.16 470850.3 564426.34 470846.12 564418.33 470841.25 564373 470842.29 564349.29 470838.8 564334.65 470830.1 564305.37 470829.4 564239.47 470831.14 564200.08 470833.93 564165.22 470832.19 564143.96 470814.08 564080.85 470787.61 564014.97 470794.44 564008.96 470783.84 563993.12 470751.16 563949.16 470751.16 563917.44 470740.59 563874.92 470738.5 563825.42 470743.37 563803.8 470742.68 563780.79 470741.98 563753.59 470729.44 563709.66 470729.44 563651.79 470722.48 563618.3 470712.03 563579.25 470714.12 563551.36 470711.34 563528.35 470708.55 563515.1 470707.86 563499.76 470702.28 563484.42 470695.32 563462.81 470693.92 563435.61 470694.62 563411.9 470690.44 563395.86 470682.78 563372.85 470673.72 563352.63 470670.94 563303.81 470665.72 563264.82 470662.19 563259.71 470660.62 563246.35 470661.4 563225.91 470659.05 563206.25 470655.92 563190.52 470652.78 563174.01 470646.51 563145.71 470642.59 563119.76 470639.45 563099.34 470637.99 563078.32 470625.58 563031.75 470622.64 563014.43 470616.11 563000.7 470610.07 562943.01 470608.77 562923.4 470610.23 562911.47 470606.51 562904.73 470603.38 562899.05 470601.43 562884.23 470601.07 562881.51 470593.18 562845.97 470592.12 562822.24 470570 562694.67 470557.36 562628.76 470557.36 562587.11 470548.93 562559.69 470535.87 562494.81 470526.59 562422.93 470515.23 562334.99 470506.28 562253.8 470500.49 562205.29 470501.54 562186.84 470508.91 562172.07 470542.62 562134.64 470568.96 562099.86 470578.44 562088.78 470581.07 562080.35 470577.91 562068.75 470566.85 562061.89 470549.99 562045.02 470528.93 562023.93 470510.23 562003.14 470500.48 561992.3 470486.26 561974.9 470459.4 561873.67 470449.92 561833.08 470452.03 561811.99 470465.72 561765.06 470481.52 561758.73 470485.74 561749.77 470477.84 561738.17 470470.46 561730.79 470445.7 561726.04 470437.47 561720.49 470421.47 561709.7 470415.15 561703.37 470407.25 561689.13 470393.03 561633.77 470381.97 561558.9 470373.01 561488.26 470357.2 561433.42 470344.56 561364.88 470337.6 561332.07 470334.27 561318.05 470330.94 561304.03 470302.31 561132.11 470272.91 560931.23 470249.25 560791.09 470236.92 560712.06 470230.96 560673.87 470203.03 560512.25 470201.8 560503.96 470186.45 560400.31 470149.04 560189.04 470142.94 560149.17 470124.86 560153.38 470134.71 560217.76 470163.37 560387.62 470138.79 560386.44 470102.41 560382.92 470090.88 560378.97 470073.21 560372.91 470030.81 560355.4 470021.08 560351.38 469929.34 560306.95 469875.94 560284.64 469851.2 560271.27 469838.47 560288.99 469866.99 560303.66 469920.71 560326.1 470012.49 560370.55 470065.79 560392.57 470094.69 560402.47 470097.93 560403.58 470137.27 560407.39 470166.95 560408.82 470186.88 560508 470188.29 560515.03 470216.16 560676.3 470216.91 560681.12 470234.44 560793.49 470258.09 560933.56 470287.49 561134.43 470316.25 561307.14 470316.88 561332.2 470326.13 561354.33 470325.6 561378.59 470326.49 561392.45 470326.65 561394.93 470336.13 561477.71 470346.14 561539.4 470352.46 561573.14 470356.67 561600.05 470367.21 561641.7 470384.06 561690.73 470403.02 561718.68 470408.09 561723.76 470429.36 561745.05 470443.58 561759.28 470423.04 561819.39 470419.35 561844.19 470430.94 561898.5 470449.38 561957.02 470476.24 562004.49 470486.84 562024.14 470504.69 562057.21 470528.92 562086.74 470482.03 562136.3 470452.53 562180.06 470459.91 562202.73 470475.18 562271.27 470495.2 562396.24 470497.61 562414.73 470514.37 562543.33 470512.2 562549.01 470509.2 562555.76 470560.54 562827.03 470571.5 562888 470587.92 562979.28 470602.15 563058.4 470620.78 563178.99 470630.54 563295.44 470650.74 563391.67 470682.78 563602.24 470694.62 563665.69 470701.59 563752.85 470715.52 563829.55 470717.22 563905.24 470722.84 563915.87 470734.52 563928.89 470741.27 563936.83 470732.22 563968.27 470734.66 563985.35 470746.16 564005.22 470762.53 564039.74 470802.23 564144.67 470808.16 564180.23 470803.98 564204.64 470797.36 564244.73 470796.31 564280.3 470804.67 564316.21 470810.94 564356.3 470807.81 564391.17 470810.24 564406.86 470818.25 564428.12 470843.49 564464.68 470850.99 564475.55 470853.78 564503.79 470858.31 564552.95 470855.17 564585.03 470847.16 564647.45 470851.68 564677.08 470852.38 564744.72 470849.6 564887.67 470852.04 564944.87 470844.03 564986.01 470830.8 565039.7 470784.83 565213.3 470771.94 565259.67 470759.74 565312.67 470732.57 565416.22 470705.06 565534.4 470706.46 565550.09 470703.67 565562.29 470681.03 565593.32 470666.75 565613.9 470654.74 565629.88 470653.57 565644.48 470651.93 565655.84 470649.1 565662.58 470650.84 565673.86 470654.93 565691.19 470648.9 565702.09 470644.03 565712.01 470641.31 565725.84 470642.88 565749.55 470644.55 565760.14 470650.88 565785.08 470657.64 565821.85 470666.5 565851.43 470678.32 565881.44 470692.26 565905.53 470708.72 565929.2 470736.9 565963.35 470763.11 565997.41 470826.2 566097.47 470865.8 566192.83 470886.09 566234.86 470894.66 566250.58 470924.19 566302.96 470934.26 566319.08 470967.82 566347.95 471014.8 566417.79 471053.05 566475.54 471070.5 566498.79 471102.91 566540.78 471121.01 566534.15,g_923,EPSG:2180,2,Inn,PL.PZGIK.BDOT10k.PTGNA.04.154,,,,,,,Pas przeciwpożarowy
2D124632-B4F6-9CCC-E053-CA2BA8C09B42,PL.PZGiK.994.BDOT10k,2016-12-20T00:00:00,false,PTGN04,true,inapplicable,Prz,m,1,Ort,Trn,true,inapplicable,KR,Uzytkownik04.xml,2012-11-26,2016-12-07,2016-12-20T00:00:00,2012-11-26,0010_736,0025_736,0050_736_small,0100_736_small,true,inapplicable,true,inapplicable,true,inapplicable,471311.83 559520.45 471315.32 559509.96 471328.61 559309.82 471327.52 559284.7 471324.02 559273.55 471314.86 559255.2 471287.09 559187.83 471246.21 559070.98 471227.59 559026.43 471216.24 559015.97 471199.89 559010.51 471171.72 559005.97 471149.01 559005.51 471123.93 559011.71 470861.55 559147.63 470719.43 559215.07 470723.6 559218.72 470733.15 559226.7 470835.27 559179.52 470931.93 559129.18 471020.12 559085.71 471091.45 559050.56 471139.58 559028.55 471151.75 559024.92 471160.55 559023.62 471193.15 559026.73 471206.09 559030.1 471214.12 559033.99 471260.14 559147.24 471265.65 559162.48 471271.16 559177.72 471290.13 559230.15 471307.99 559270.56 471312.91 559282.74 471314.98 559294.66 471311.87 559357.38 471306.19 559449.53 471303.83 559487.75 471299.17 559528.1 471311.83 559520.45,g_958,EPSG:2180,2,Inn,PL.PZGIK.BDOT10k.PTGNA.04.155,,,,,,,Pas przeciwpożarowy
2D124632-B4F7-9CCC-E053-CA2BA8C09B42,PL.PZGiK.994.BDOT10k,2013-01-01T00:00:00,false,PTGN03,true,inapplicable,Prz,m,5,Ort,Trn,true,inapplicable,KR,Uzytkownik04.xml,2012-11-26,2012-11-26,2012-11-26T00:00:00,2012-11-26,0010_737,0025_737_small,0050_737_small,0100_737_small,true,inapplicable,true,inapplicable,true,inapplicable,472429.77 590902.93 472481.83 590894.55 472489.73 590890.04 472481.2 590834.72 472434.34 590836.6 472435.54 590874.43 472414.03 590874.99 472429.77 590902.93,g_993,EPSG:2180,2,Psk,PL.PZGIK.BDOT10k.PTGNA.04.156,,,,,,,
2D124632-B4F8-9CCC-E053-CA2BA8C09B42,PL.PZGiK.994.BDOT10k,2016-12-20T00:00:00,false,PTGN04,true,inapplicable,Prz,m,5,Ort,Trn,true,inapplicable,KR,Uzytkownik04.xml,2012-11-26,2012-11-26,2016-12-20T00:00:00,2012-11-26,0010_736,0025_736,0050_736,0100_736_small,true,inapplicable,true,inapplicable,true,inapplicable,482807.7 588623.03 482821.03 588604.11 482836.72 588577.91 482855.91 588548.19 482859.73 588542.28 482865.02 588532.53 482867.6 588525.45 482870.6 588492.44 482883.1 588407.25 482896.03 588333.93 482898.54 588313.24 482901.55 588276.51 482904.15 588248.02 482905.92 588213.16 482905.85 588157.43 482906.61 588133.22 482907.3 588118.88 482909 588107.96 482911.5 588099.95 482903.89 588099.95 482888.91 588133.97 482850.16 588128.51 482841.06 588163.18 482833.99 588200.13 482809.22 588307.34 482807.54 588314.63 482748.54 588570.04 482745.62 588582.68 482779.52 588610.55 482802.91 588629.83 482807.7 588623.03,g_1027,EPSG:2180,2,Inn,PL.PZGIK.BDOT10k.PTGNA.04.157,482797.72 588585.16 482762.91 588559.22 482783.39 588538.06 482787.48 588528.5 482787.48 588527.13 482788.17 588517.58 482786.8 588517.58 482786.8 588505.29 482783.39 588490.95 482784.07 588488.22 482786.8 588475.25 482791.58 588455.45 482800.45 588435.65 482807.28 588425.41 482809.33 588415.86 482805.24 588388.74 482806.6 588370.8 482812.74 588353.73 482818.2 588351 482827.08 588353.73 482853.7 588375.58 482862.59 588388.48 482863.26 588412.44 482861.21 588441.8 482854.39 588480.03 482850.29 588501.19 482819.42 588550.51 482797.72 588585.16,482883.74 588310.72 482829.81 588298.43 482834.59 588256.11 482838.68 588226.07 482842.1 588200.81 482846.19 588196.71 482861.9 588198.76 482877.6 588202.86 482883.06 588205.59 482883.23 588232.22 482888.52 588278.63 482883.74 588310.72,,,,,
2D124632-B4F9-9CCC-E053-CA2BA8C09B42,PL.PZGiK.994.BDOT10k,2013-01-01T00:00:00,false,PTGN03,true,inapplicable,Prz,m,5,Ort,Trn,true,inapplicable,KR,Uzytkownik04.xml,2012-11-26,2012-11-26,2012-11-26T00:00:00,2012-11-26,0010_737,0025_737,0050_737_small,0100_737_small,true,inapplicable,true,inapplicable,true,inapplicable,482797.72 588585.16 482819.42 588550.51 482850.29 588501.19 482854.39 588480.03 482861.21 588441.8 482863.26 588412.44 482862.59 588388.48 482853.7 588375.58 482827.08 588353.73 482818.2 588351 482812.74 588353.73 482806.6 588370.8 482805.24 588388.74 482809.33 588415.86 482807.28 588425.41 482800.45 588435.65 482791.58 588455.45 482786.8 588475.25 482784.07 588488.22 482783.39 588490.95 482786.8 588505.29 482786.8 588517.58 482788.17 588517.58 482787.48 588527.13 482787.48 588528.5 482783.39 588538.06 482762.91 588559.22 482797.72 588585.16,g_1067,EPSG:2180,2,Psk,PL.PZGIK.BDOT10k.PTGNA.04.158,,,,,,,
2D124632-B4FA-9CCC-E053-CA2BA8C09B42,PL.PZGiK.994.BDOT10k,2013-01-01T00:00:00,false,PTGN03,true,inapplicable,Prz,m,5,Ort,Trn,true,inapplicable,KR,Uzytkownik04.xml,2012-11-26,2012-11-26,2012-11-26T00:00:00,2012-11-26,0010_737,0025_737_small,0050_737_small,0100_737_small,true,inapplicable,true,inapplicable,true,inapplicable,483807.32 593808.78 483778.57 593816.05 483778.31 593848.51 483781.71 593865 483836.92 593870.09 483836.43 593834.37 483831.72 593810.03 483807.32 593808.78,g_1101,EPSG:2180,2,Psk,PL.PZGIK.BDOT10k.PTGNA.04.159,,,,,,,
2D124632-B4FB-9CCC-E053-CA2BA8C09B42,PL.PZGiK.994.BDOT10k,2013-01-01T00:00:00,false,PTGN04,true,inapplicable,Prz,m,5,Ort,Trn,true,inapplicable,KR,Uzytkownik04.xml,2012-11-26,2012-11-26,2012-11-26T00:00:00,2012-11-26,0010_736,0025_736_small,0050_736_small,0100_736_small,true,inapplicable,true,inapplicable,true,inapplicable,467531.81 593464.29 467545.01 593464.29 467548.97 593461.92 467549.02 593460.6 467550.04 593452.16 467550.47 593445.18 467550.04 593440.52 467548.73 593430.92 467547.27 593423.65 467545.09 593416.96 467542.62 593411.43 467539.85 593407.79 467535.2 593403.57 467531.42 593400.95 467516.51 593393.3 467522.49 593415.11 467526.35 593427.33 467528.46 593435.41 467530.39 593444.17 467531.3 593451.34 467531.81 593464.29,g_1135,EPSG:2180,2,Inn,PL.PZGIK.BDOT10k.PTGNA.04.1510,,,,,,,
