OT_PTWZ_A/idIIP/BT_Identyfikator/lokalnyId/__text,OT_PTWZ_A/idIIP/BT_Identyfikator/przestrzenNazw/__text,OT_PTWZ_A/idIIP/BT_Identyfikator/wersjaId/__text,OT_PTWZ_A/czyObiektBDOO/__text,OT_PTWZ_A/x_kod/__text,OT_PTWZ_A/x_skrKarto/__text,OT_PTWZ_A/x_katDoklGeom/__text,OT_PTWZ_A/x_doklGeom/_uom,OT_PTWZ_A/x_doklGeom/__text,OT_PTWZ_A/x_zrodloDanychG/__text,OT_PTWZ_A/x_zrodloDanychA/__text,OT_PTWZ_A/x_katIstnienia/_xsi:nil,OT_PTWZ_A/x_katIstnienia/_nilReason,OT_PTWZ_A/x_rodzajReprGeom/__text,OT_PTWZ_A/x_uzytkownik/_xlink:href,OT_PTWZ_A/x_aktualnoscG/__text,OT_PTWZ_A/x_aktualnoscA/__text,OT_PTWZ_A/x_cyklZycia/BT_CyklZyciaInfo/poczatekWersjiObiektu/__text,OT_PTWZ_A/x_dataUtworzenia/__text,OT_PTWZ_A/x_kodKarto10k/__text,OT_PTWZ_A/x_kodKarto25k/__text,OT_PTWZ_A/x_kodKarto50k/__text,OT_PTWZ_A/x_kodKarto100k/__text,OT_PTWZ_A/x_kodKarto250k/_xsi:nil,OT_PTWZ_A/x_kodKarto250k/_nilReason,OT_PTWZ_A/x_kodKarto500k/_xsi:nil,OT_PTWZ_A/x_kodKarto500k/_nilReason,OT_PTWZ_A/x_kodKarto1000k/_xsi:nil,OT_PTWZ_A/x_kodKarto1000k/_nilReason,OT_PTWZ_A/geometria/Polygon/exterior/LinearRing/posList/__text,OT_PTWZ_A/geometria/Polygon/_gml:id,OT_PTWZ_A/geometria/Polygon/_srsName,OT_PTWZ_A/geometria/Polygon/_srsDimension,OT_PTWZ_A/rodzaj/__text,OT_PTWZ_A/_gml:id,OT_PTWZ_A/x_informDodatkowa/__text,OT_PTWZ_A/surowiec/__text,OT_PTWZ_A/geometria/Polygon/interior/0/LinearRing/posList/__text,OT_PTWZ_A/geometria/Polygon/interior/1/LinearRing/posList/__text,OT_PTWZ_A/geometria/Polygon/interior/2/LinearRing/posList/__text,OT_PTWZ_A/geometria/Polygon/interior/3/LinearRing/posList/__text,OT_PTWZ_A/geometria/Polygon/interior/4/LinearRing/posList/__text,OT_PTWZ_A/geometria/Polygon/interior/5/LinearRing/posList/__text,OT_PTWZ_A/geometria/Polygon/interior/6/LinearRing/posList/__text,OT_PTWZ_A/geometria/Polygon/interior/7/LinearRing/posList/__text,OT_PTWZ_A/geometria/Polygon/interior/8/LinearRing/posList/__text,OT_PTWZ_A/geometria/Polygon/interior/9/LinearRing/posList/__text,OT_PTWZ_A/geometria/Polygon/interior/10/LinearRing/posList/__text
2D124632-EBB2-9CCC-E053-CA2BA8C09B42,PL.PZGiK.994.BDOT10k,2013-01-01T00:00:00,false,PTWZ02,hłd.,Dok,m,5,Ort,Trn,true,inapplicable,KR,Uzytkownik04.xml,2012-11-26,2012-11-26,2012-11-26T00:00:00,2012-11-26,0010_430,0025_430,0050_430_small,0100_430_small,true,inapplicable,true,inapplicable,true,inapplicable,473876.1 581871.97 473879.79 581850.58 473870.43 581840.15 473869 581838.64 473862.83 581832.14 473845.87 581831.4 473817.84 581844.68 473813.42 581846.15 473797.19 581855.74 473774.33 581867.54 473765.48 581878.6 473767.69 581888.92 473775.07 581895.57 473780.23 581897.78 473789.08 581891.14 473794.98 581888.93 473805.3 581893.35 473814.89 581893.35 473821.53 581890.4 473825.95 581890.4 473842.92 581888.93 473866.52 581881.55 473876.1 581871.97,g_7,EPSG:2180,2,Zwl,PL.PZGIK.BDOT10k.PTWZA.04.1513,,,,,,,,,,,,,
2D124632-EBB3-9CCC-E053-CA2BA8C09B42,PL.PZGiK.994.BDOT10k,2013-01-01T00:00:00,false,PTWZ02,hłd.,Dok,m,5,Ort,Trn,true,inapplicable,KR,Uzytkownik04.xml,2012-11-26,2012-11-26,2012-11-26T00:00:00,2012-11-26,0010_430,0025_430,0050_430_small,0100_430_small,true,inapplicable,true,inapplicable,true,inapplicable,474173.63 581792.47 474153.59 581816.68 474146.08 581843.39 474148.58 581860.92 474159.44 581885.96 474177.8 581916.01 474187.82 581918.51 474199.5 581916.84 474206.18 581908.5 474208.68 581884.29 474206.18 581849.23 474207.01 581815.01 474173.63 581792.47,g_41,EPSG:2180,2,Zwl,PL.PZGIK.BDOT10k.PTWZA.04.1514,,,,,,,,,,,,,
2D124632-EBB4-9CCC-E053-CA2BA8C09B42,PL.PZGiK.994.BDOT10k,2013-01-01T00:00:00,false,PTWZ02,hłd.,Dok,m,5,Ort,Trn,true,inapplicable,KR,Uzytkownik04.xml,2012-11-26,2012-11-26,2012-11-26T00:00:00,2012-11-26,0010_430,0025_430,0050_430,0100_430_small,true,inapplicable,true,inapplicable,true,inapplicable,474056.57 582787.22 474085.47 582801.09 474106.28 582801.09 474117.27 582801.31 474121.88 582816.69 474133.44 582820.74 474143.84 582816.12 474143.77 582797.06 474151.35 582793 474151.93 582774.51 474136.33 582697.64 474132.28 582693.6 474056 582701.69 474040.97 582702.27 474033.46 582716.14 474038.66 582750.81 474047.33 582777.97 474056.57 582787.22,g_75,EPSG:2180,2,Zwl,PL.PZGIK.BDOT10k.PTWZA.04.1515,,,,,,,,,,,,,
2D124632-EBB5-9CCC-E053-CA2BA8C09B42,PL.PZGiK.994.BDOT10k,2013-01-01T00:00:00,false,PTWZ02,hłd.,Dok,m,5,Ort,Trn,true,inapplicable,KR,Uzytkownik04.xml,2012-11-26,2012-11-26,2012-11-26T00:00:00,2012-11-26,0010_430,0025_430,0050_430_small,0100_430_small,true,inapplicable,true,inapplicable,true,inapplicable,474441.46 582240.52 474425.86 582234.16 474409.68 582235.31 474396.39 582241.67 474395.23 582251.5 474394.65 582286.17 474406.21 582332.4 474410.26 582349.74 474424.47 582351.57 474426.51 582350.55 474440.89 582343.38 474448.4 582335.29 474451.87 582324.89 474443.78 582315.64 474444.93 582304.66 474455.65 582301.03 474455.33 582294.84 474444.86 582253.82 474441.46 582240.52,g_109,EPSG:2180,2,Zwl,PL.PZGIK.BDOT10k.PTWZA.04.1516,,,,,,,,,,,,,
2D124632-EBAF-9CCC-E053-CA2BA8C09B42,PL.PZGiK.994.BDOT10k,2016-12-20T00:00:00,false,PTWZ01,żw.,Prz,m,1,Trn,Trn,true,inapplicable,KR,Uzytkownik04.xml,2012-11-26,2016-12-07,2016-12-20T00:00:00,2012-11-26,0010_737,0025_737,0050_737_small,0100_737_small,true,inapplicable,true,inapplicable,true,inapplicable,463980.96 578562.82 463897.12 578391.06 463822.3 578435.06 463909.32 578602.05 463980.96 578562.82,g_143,EPSG:2180,2,Wrb,PL.PZGIK.BDOT10k.PTWZA.04.1510,Zakład Górniczy Czarne Złoto Snake s.c.,Zw,,,,,,,,,,,
2D124632-EBB8-9CCC-E053-CA2BA8C09B42,PL.PZGiK.994.BDOT10k,2016-12-20T00:00:00,false,PTWZ02,hłd.,Dok,m,1,Ort,Trn,true,inapplicable,KR,Uzytkownik04.xml,2012-11-26,2016-12-07,2016-12-20T00:00:00,2012-11-26,0010_430,0025_430,0050_430,0100_430_small,true,inapplicable,true,inapplicable,true,inapplicable,464166.14 569266.31 464169.01 569234.36 464230.29 569241.65 464234.48 569201.37 464241.43 569165.22 464245.57 569152.2 464248.77 569143.4 464255.98 569134.68 464181.01 569153.16 464175.56 569154.29 464161.24 569151.57 464111.38 569142.6 464102.53 569160.24 464102.36 569166.16 464119.06 569220.82 464123.92 569236.22 464131.55 569267.85 464166.14 569266.31,g_179,EPSG:2180,2,Zwl,PL.PZGIK.BDOT10k.PTWZA.04.153,,,,,,,,,,,,,
2D124632-EBB7-9CCC-E053-CA2BA8C09B42,PL.PZGiK.994.BDOT10k,2016-12-20T00:00:00,false,PTWZ01,piask.,Dok,m,1,Ort,Trn,true,inapplicable,KR,Uzytkownik04.xml,2012-11-26,2016-12-07,2016-12-20T00:00:00,2012-11-26,0010_737,0025_737,0050_737_small,0100_737_small,true,inapplicable,true,inapplicable,true,inapplicable,462794.66 570035.18 462809.44 570028.05 462825.81 570026.46 462855.38 570021.18 462914.18 569994.73 462888.24 569985.65 462869.18 569977.72 462844.73 569965.25 462813.61 569942.04 462805.87 569948.41 462790.39 569968.37 462782.31 569977.83 462773.01 569994.77 462770.37 570010.62 462773.54 570028.31 462781.19 570038.08 462794.66 570035.18,g_213,EPSG:2180,2,Wrb,PL.PZGIK.BDOT10k.PTWZA.04.152,,Pk,,,,,,,,,,,
2D124632-EBC7-9CCC-E053-CA2BA8C09B42,PL.PZGiK.994.BDOT10k,2016-12-20T00:00:00,false,PTWZ01,piask.,Prz,m,5,Ort,Trn,true,inapplicable,KR,Uzytkownik04.xml,2012-11-26,2016-12-07,2016-12-20T00:00:00,2012-11-26,0010_737,0025_737,0050_737_small,0100_737_small,true,inapplicable,true,inapplicable,true,inapplicable,482210.46 586858.48 482225.91 586853.03 482233.97 586849.99 482245.07 586848.25 482302.75 586833.88 482377.2 586811.02 482363.7 586771.4 482253.48 586802.8 482248.33 586804.27 482230.7 586807.97 482222.84 586808.6 482222.43 586808.63 482216.77 586808.41 482211.98 586807.54 482203.06 586807.76 482182.38 586816.25 482197.83 586858.91 482201.31 586860.22 482210.46 586858.48,g_248,EPSG:2180,2,Wrb,PL.PZGIK.BDOT10k.PTWZA.04.1526,,Pk,,,,,,,,,,,
2D124632-EBC8-9CCC-E053-CA2BA8C09B42,PL.PZGiK.994.BDOT10k,2016-12-20T00:00:00,false,PTWZ01,żw.,Prz,m,5,Ort,Trn,true,inapplicable,KR,Uzytkownik04.xml,2012-11-26,2016-12-07,2016-12-20T00:00:00,2012-11-26,0010_737,0025_737,0050_737_small,0100_737_small,true,inapplicable,true,inapplicable,true,inapplicable,481880.12 587454.53 481915.57 587436.05 481946.39 587428.55 481961.39 587422.44 481973.05 587415.22 481977.52 587412.43 481973.68 587404.79 481963.79 587377.17 481945.28 587385.79 481927.79 587393.84 481903.67 587399.8 481882.52 587411.33 481865.06 587416.01 481847.05 587424.78 481840.48 587431.78 481840.04 587446.6 481844.48 587457.43 481855.03 587469.09 481880.12 587454.53,g_283,EPSG:2180,2,Wrb,PL.PZGIK.BDOT10k.PTWZA.04.1527,,Zw,,,,,,,,,,,
2D124632-EBCC-9CCC-E053-CA2BA8C09B42,PL.PZGiK.994.BDOT10k,2016-12-20T00:00:00,false,PTWZ01,żw.,Prz,m,5,Ort,Trn,true,inapplicable,KR,Uzytkownik04.xml,2012-11-26,2016-12-07,2016-12-20T00:00:00,2012-11-26,0010_737,0025_737,0050_737,0100_737,true,inapplicable,true,inapplicable,true,inapplicable,483435.01 592225.57 483444.67 592179.66 483451.71 592143.51 483455.69 592122.29 483456.57 592108.58 483454.36 592091.77 483449.5 592075.85 483447.73 592064.35 483445.96 592051.97 483441.09 592036.05 483429.15 592006.41 483419.87 591982.09 483417.21 591969.27 483416.12 591958.93 483428.25 591957.65 483466.27 591945.95 483479.99 591938.75 483487.64 591933.13 483492.37 591927.06 483494.17 591920.53 483493.49 591914.01 483490.79 591899.83 483487.19 591887.24 483473.24 591854.39 483459.07 591818.4 483447.37 591791.85 483432.52 591763.05 483432.07 591762.83 483424.2 591749.78 483419.03 591735.83 483412.95 591716.94 483407.33 591706.59 483400.58 591694.89 483390.46 591677.34 483378.08 591650.57 483371.78 591638.65 483363.23 591614.12 483354.69 591586.9 483347.94 591566.66 483342.76 591555.18 483333.76 591538.99 483300.52 591479.01 483239.49 591409.87 483207.27 591389.9 483142.96 591340.74 483133.28 591323.19 483120.57 591312.29 483099.39 591308.66 483068.52 591311.08 483044.76 591306.94 483036.58 591313.29 483030.1 591318.9 483035.85 591340.13 483044.92 591361.92 483060.05 591390.53 483107.87 591526.67 483112.96 591569.63 483120.25 591607.85 483259.02 591931.73 483301.62 592031.17 483307.49 592054.14 483293.94 592051.75 483282.91 592051.19 483273.84 592051.5 483260.29 592055.61 483252.23 592060.03 483248.85 592064.71 483249.89 592071.21 483256.39 592076.93 483296.89 592089.55 483304.5 592088.37 483311.76 592084.2 483322.82 592082.09 483345.94 592122.2 483360.1 592146.27 483398.33 592242.08 483435.01 592225.57,g_318,EPSG:2180,2,Wrb,PL.PZGIK.BDOT10k.PTWZA.04.1531,,Zw,483348.59 592100.81 483345.44 592098.19 483343.61 592095.04 483340.99 592091.38 483338.11 592085.09 483336.01 592078.54 483336.01 592073.56 483337.58 592070.68 483342.82 592066.75 483347.28 592062.56 483353.42 592054.56 483357.62 592049.07 483358.93 592042.52 483358.15 592026.28 483355.79 592008.2 483352.91 591995.1 483348.72 591987.5 483344 591980.96 483338.76 591973.36 483332.74 591962.88 483330.44 591957.09 483328.94 591947.69 483329.34 591938.83 483328.02 591929.74 483327.76 591929.27 483326.71 591922.14 483323.91 591915.95 483323.04 591910.49 483320.16 591906.03 483315.45 591900.27 483313.35 591897.13 483313.88 591894.77 483316.23 591892.41 483318.59 591891.23 483321.08 591890.45 483326.58 591890.05 483332.34 591890.97 483337.45 591891.89 483343.09 591893.72 483345.31 591896.08 483345.44 591896.34 483346.49 591898.83 483346.49 591901.32 483347.01 591903.41 483348.85 591906.43 483349.9 591907.6 483351.6 591909.44 483351.6 591912.71 483351.47 591915.86 483351.08 591919.65 483351.08 591925.16 483351.08 591925.42 483351.47 591927.51 483352.12 591932.49 483354.09 591937.34 483353.96 591937.47 483354.09 591940.09 483353.17 591941.4 483350.55 591942.32 483349.24 591943.89 483349.5 591946.77 483350.42 591953.97 483351.34 591957.51 483351.73 591959.21 483354.74 591964.19 483359.46 591972.7 483359.72 591973.1 483361.95 591978.99 483363.91 591985.54 483366.4 591994.05 483368.23 591997.2 483370.59 591997.59 483371.12 591997.59 483374.26 591997.85 483377.93 592000.47 483383.69 592003.88 483388.67 592012.78 483392.07 592020.64 483392.86 592029.55 483393.12 592034.53 483394.69 592039.51 483394.17 592042.65 483391.81 592044.74 483388.41 592046.32 483385 592048.15 483382.12 592051.56 483381.33 592053.91 483381.59 592056.27 483381.59 592057.06 483383.43 592061.77 483383.17 592066.75 483382.38 592069.11 483380.55 592071.73 483376.62 592073.56 483374 592075.13 483373.74 592078.28 483374.78 592082.21 483374.26 592084.83 483370.07 592087.71 483361.69 592091.38 483358.02 592094.26 483354.87 592098.71 483351.99 592100.54 483348.59 592100.81,,,,,,,,,,
2D124632-EBCA-9CCC-E053-CA2BA8C09B42,PL.PZGiK.994.BDOT10k,2016-12-20T00:00:00,false,PTWZ01,żw.,Prz,m,5,Ort,Trn,true,inapplicable,KR,Uzytkownik04.xml,2012-11-26,2016-12-07,2016-12-20T00:00:00,2012-11-26,0010_737,0025_737,0050_737,0100_737,true,inapplicable,true,inapplicable,true,inapplicable,481458.84 588640.98 481536.95 588599.23 481561.2 588585.76 481574.67 588586.77 481660.53 588544.34 481690.5 588538.28 481711.71 588534.58 481742.01 588594.51 481748.75 588601.59 481760.53 588598.89 481768.95 588587.65 481699.31 588450.07 481681.07 588412.09 481667.76 588384.35 481591.07 588224.62 481557.45 588249.33 481505.97 588291.54 481463.77 588327.22 481451.68 588337.85 481441.12 588347.12 481427.81 588358.25 481411.95 588371.49 481371.46 588405.8 481327.54 588445.95 481305.92 588467.22 481304.05 588468.98 481275.04 588496.39 481267.76 588502.32 481251.02 588515.95 481224.94 588534.13 481218.81 588537.7 481298.56 588634.25 481306.64 588638.62 481315.39 588638.62 481366.58 588615.39 481395.87 588672.63 481458.84 588640.98,g_356,EPSG:2180,2,Wrb,PL.PZGIK.BDOT10k.PTWZA.04.1529,,Zw,,,,,,,,,,,
2D124632-EBCB-9CCC-E053-CA2BA8C09B42,PL.PZGiK.994.BDOT10k,2016-12-20T00:00:00,false,PTWZ01,piask.,Prz,m,5,Ort,Trn,true,inapplicable,KR,Uzytkownik04.xml,2012-11-26,2016-12-07,2016-12-20T00:00:00,2012-11-26,0010_737,0025_737,0050_737_small,0100_737_small,true,inapplicable,true,inapplicable,true,inapplicable,482888.52 588278.63 482883.23 588232.22 482883.06 588205.59 482877.6 588202.86 482861.9 588198.76 482846.19 588196.71 482842.1 588200.81 482838.68 588226.07 482834.59 588256.11 482829.81 588298.43 482883.74 588310.72 482888.52 588278.63,g_391,EPSG:2180,2,Wrb,PL.PZGIK.BDOT10k.PTWZA.04.1530,,Pk,,,,,,,,,,,
2D124632-EBB0-9CCC-E053-CA2BA8C09B42,PL.PZGiK.994.BDOT10k,2016-12-20T00:00:00,false,PTWZ01,żw.,Prz,m,1,Ort,Trn,true,inapplicable,KR,Uzytkownik04.xml,2012-11-26,2016-12-07,2016-12-20T00:00:00,2012-11-26,0010_737,0025_737,0050_737_small,0100_737_small,true,inapplicable,true,inapplicable,true,inapplicable,464176.21 582173.37 464181.72 582175.54 464206.72 582174.55 464209.48 582173.37 464213.81 582168.65 464217.35 582167.07 464223.26 582167.27 464229.36 582166.68 464267.54 582147.39 464271.88 582143.26 464273.84 582139.52 464273.45 582135.78 464256.72 582098.38 464249.44 582098.97 464226.4 582054.19 464145.9 582082.24 464139.99 582085.58 464117.95 582108.22 464132.51 582143.45 464134.48 582151.92 464138.42 582162.35 464141.76 582169.83 464142.55 582177.9 464144.91 582187.15 464146.49 582190.5 464152.79 582194.04 464176.21 582173.37,g_426,EPSG:2180,2,Wrb,PL.PZGIK.BDOT10k.PTWZA.04.1511,,Zw,,,,,,,,,,,
2D124632-EBB9-9CCC-E053-CA2BA8C09B42,PL.PZGiK.994.BDOT10k,2016-12-20T00:00:00,false,PTWZ01,żw.,Prz,m,5,Ort,Trn,true,inapplicable,KR,Uzytkownik04.xml,2016-12-07,2016-12-07,2016-12-20T00:00:00,2012-11-26,0010_737,0025_737,0050_737_small,0100_737_small,true,inapplicable,true,inapplicable,true,inapplicable,482787.13 589620.65 482793.93 589618.18 482857.24 589507.31 482857.55 589499.9 482856.32 589491.87 482852.3 589484.14 482841.18 589475.19 482828.21 589470.55 482802.88 589468.08 482791.15 589468.08 482782.81 589466.85 482776.63 589461.91 482769.84 589459.13 482766.75 589459.13 482762.43 589461.6 482731.85 589517.81 482720.65 589524.13 482711.92 589529.05 482705.93 589549.78 482704.74 589561.34 482704.74 589570.12 482707.13 589580.08 482710.55 589589.62 482717.1 589600.42 482725.87 589607.2 482738.23 589613.58 482771.36 589627.05 482787.13 589620.65,g_461,EPSG:2180,2,Wrb,PL.PZGIK.BDOT10k.PTWZA.04.154,,Zw,482789.08 589607.58 482784.6 589607.3 482777.87 589605.34 482766.1 589599.46 482737.8 589586.01 482733.03 589581.24 482730.79 589576.48 482731.35 589571.43 482734.15 589565.83 482736.96 589562.46 482741.16 589561.9 482744.52 589564.15 482747.89 589568.07 482752.65 589574.52 482757.41 589582.64 482763.58 589586.29 482768.62 589587.41 482772.83 589584.88 482776.19 589579.56 482785.16 589552.1 482787 589546.5 482792.16 589542.29 482793.29 589538.64 482795.86 589533.12 482799.17 589529.96 482805.34 589530.52 482809.82 589532.76 482820.47 589539.48 482826.07 589543.69 482827.48 589548.17 482825.79 589554.34 482807.02 589582.36 482800.57 589595.81 482795.53 589605.06 482793.01 589607.3 482789.08 589607.58,,,,,,,,,,
2D124632-EBB1-9CCC-E053-CA2BA8C09B42,PL.PZGiK.994.BDOT10k,2016-12-20T00:00:00,false,PTWZ01,piask.,Prz,m,1,Ort,Trn,true,inapplicable,KR,Uzytkownik04.xml,2012-11-26,2016-12-07,2016-12-20T00:00:00,2012-11-26,0010_737,0025_737_small,0050_737_small,0100_737_small,true,inapplicable,true,inapplicable,true,inapplicable,492935.35 563280.49 492946.17 563273.88 492954.38 563270.67 492958.99 563264.26 492959.99 563258.05 492951.57 563251.43 492942.96 563243.62 492933.55 563227.79 492922 563221.47 492918.52 563219.57 492905.5 563221.78 492896.09 563228.79 492890.48 563242.02 492890.28 563253.24 492893.48 563266.46 492902.3 563275.28 492913.71 563281.49 492922.35 563283.02 492923.93 563283.3 492935.35 563280.49,g_499,EPSG:2180,2,Wrb,PL.PZGIK.BDOT10k.PTWZA.04.1512,,Pk,,,,,,,,,,,
2D124632-EBBD-9CCC-E053-CA2BA8C09B42,PL.PZGiK.994.BDOT10k,2016-12-20T00:00:00,false,PTWZ01,piask.,Dok,m,1,Ort,Trn,true,inapplicable,KR,Uzytkownik04.xml,2012-11-26,2016-12-07,2016-12-20T00:00:00,2012-11-26,0010_737,0025_737_small,0050_737_small,0100_737_small,true,inapplicable,true,inapplicable,true,inapplicable,493305.53 565565.43 493326.25 565555.31 493338.61 565541.01 493354.07 565548.29 493342.32 565525.35 493331.6 565499.97 493312.11 565503.74 493291.08 565515.63 493267.63 565540.69 493260.08 565557.56 493266.51 565565.59 493289.31 565568.32 493305.53 565565.43,g_534,EPSG:2180,2,Wrb,PL.PZGIK.BDOT10k.PTWZA.04.158,,Pk,,,,,,,,,,,
2D124632-EBC9-9CCC-E053-CA2BA8C09B42,PL.PZGiK.994.BDOT10k,2016-12-20T00:00:00,false,PTWZ01,żw.,Prz,m,1,Ort,Trn,true,inapplicable,KR,Uzytkownik04.xml,2012-11-26,2016-12-07,2016-12-20T00:00:00,2012-11-26,0010_737,0025_737_small,0050_737_small,0100_737_small,true,inapplicable,true,inapplicable,true,inapplicable,496445.15 562903.9 496453 562903.03 496459.55 562899.53 496464.78 562889.5 496464.78 562882.51 496461.29 562875.09 496451.7 562866.37 496442.97 562862.87 496436.43 562863.75 496429.01 562868.55 496414.61 562884.7 496410.25 562889.93 496414.61 562897.79 496428.14 562903.9 496434.68 562908.26 496439.04 562908.7 496445.15 562903.9,g_569,EPSG:2180,2,Wrb,PL.PZGIK.BDOT10k.PTWZA.04.1528,,Zw,,,,,,,,,,,
2D124632-EBC3-9CCC-E053-CA2BA8C09B42,PL.PZGiK.994.BDOT10k,2016-12-20T00:00:00,false,PTWZ01,żw.,Prz,m,1,Ort,Trn,true,inapplicable,KR,Uzytkownik04.xml,2012-11-26,2016-12-07,2016-12-20T00:00:00,2012-11-26,0010_737,0025_737,0050_737,0100_737,true,inapplicable,true,inapplicable,true,inapplicable,485756.96 577678.65 485740.21 577650.92 485742.14 577644.02 485750.09 577632.95 485776.71 577611.62 485913.99 577515.34 485961.88 577477.5 486056.03 577412.57 486111.41 577372.45 486222.2 577295.14 486280.39 577254.54 486317.7 577224.71 486299.89 577201.75 486294.73 577195.09 486274.13 577170.88 486253.52 577146.67 486249.15 577141.54 486225.81 577116.83 486213.1 577104.5 486189.28 577083.88 486173.55 577071.01 486166.24 577076.51 486159.62 577080.68 486150.1 577085.6 486138.39 577091.76 486110.09 577112.22 486100.37 577118.69 486093.54 577122.8 486081.69 577128.73 486069.73 577133.91 486060.01 577138.03 486047.68 577145.94 486038.38 577151.02 486031.17 577154.27 486021.17 577158.23 486013.38 577160.69 486006.76 577161.86 486000.4 577162.66 485992.82 577162.77 485983.8 577162.34 485957.69 577158.02 485948.24 577156.41 485939.32 577155.51 485930.14 577154.81 485923.04 577155.13 485916.69 577155.8 485924.05 577141.63 485933.02 577127.85 485961.97 577090.44 485988.77 577057 485999.23 577042.79 486005.75 577032.42 486010.56 577024.36 486022.82 576997.25 485970.98 576971.84 485947.11 576961.28 485909.39 576944.59 485860.43 576922.93 485787 576890.56 485717.32 576860.5 485700.08 576888.76 485671.24 576936.05 485702.21 576973.62 485701.79 576983.45 485699.44 576989.19 485683.85 577002.87 485661.85 577017.4 485655.87 577034.71 485652.45 577043.68 485645.19 577050.31 485622.98 577055.22 485622.12 577088.99 485622.11 577111.5 485572.57 577147.66 485579.61 577197.01 485583.89 577228.64 485588.37 577273.09 485594.78 577286.34 485599.16 577291.1 485606.42 577294.09 485616.61 577296.63 485611.37 577301.98 485607.53 577306.78 485605.39 577310.95 485603.79 577314.91 485602.94 577318.54 485602.72 577322.38 485602.62 577326.12 485603.79 577333.28 485607 577344.82 485614.9 577366.23 485615.11 577371.36 485614.36 577375.31 485613.51 577378.73 485611.91 577382.68 485609.34 577386.96 485606.46 577390.8 485589.8 577407.15 485584.78 577412.49 485583.82 577415.38 485583.61 577419.01 485583.5 577423.5 485585.84 577428.61 485586.16 577433.52 485587.44 577438.01 485589.69 577443.03 485600.37 577463.76 485611.04 577488.42 485615.21 577499.1 485657.34 577607.82 485681.28 577664.86 485690.07 577684.71 485705.51 577713.36 485707.87 577719.69 485756.96 577678.65,g_604,EPSG:2180,2,Wrb,PL.PZGIK.BDOT10k.PTWZA.04.1522,,Zw,485864.42 577503.24 485861.86 577502.39 485860.15 577498.33 485850.55 577400.04 485851.08 577392.94 485853.75 577389.1 485857.38 577387.49 485860.59 577386.64 485863.58 577386.64 485867.42 577389.2 485878.52 577406.51 485916.21 577463.34 485917.92 577466.66 485916.74 577469.27 485864.42 577503.24,485698.42 577654.49 485696.06 577653.52 485693.91 577650.41 485678.87 577616.63 485650.51 577545.92 485627.6 577491.47 485616.31 577465.99 485609.37 577451.09 485602.86 577435.92 485599.97 577427.91 485599.33 577422.99 485601.47 577418.72 485608.09 577412.42 485621.11 577405.47 485635.42 577399.06 485645.14 577398.32 485653.68 577400.99 485674.28 577418.4 485685.07 577425.4 485691.69 577425.02 485709.73 577415.84 485716.67 577414.66 485740.48 577446.71 485743.15 577448.63 485747.31 577449.7 485752.33 577449.06 485755.96 577446.5 485757.88 577441.48 485756.92 577434.75 485739.3 577406 485717.84 577379.72 485714.43 577378.55 485710.69 577378.44 485704.82 577380.37 485702.58 577380.26 485699.05 577378.23 485696.92 577374.6 485696.71 577371.5 485697.45 577367.12 485738.98 577333.25 485743.26 577333.58 485746.03 577335.04 485767.38 577361.96 485768.02 577365.48 485764.5 577370.4 485757.78 577376.81 485755.75 577379.8 485755.43 577383.22 485757.35 577387.7 485774.43 577411.95 485779.09 577419.92 485778.45 577425.05 485772.47 577444.93 485771.18 577452.41 485771.61 577457.96 485773.75 577463.73 485781.55 577470.69 485787.25 577486.06 485795.62 577499.92 485800.35 577513.8 485803.36 577546.69 485801.64 577549.81 485785.32 577565.18 485739.45 577596.78 485723.12 577608.71 485717.43 577615.69 485712.6 577623 485710.23 577628.05 485707.12 577636.86 485706.26 577642.13 485706.15 577649.12 485704.65 577652.02 485701.21 577654.17 485698.42 577654.49,486103.51 577359.12 486084.08 577357.41 486062.08 577345.45 486053.11 577333.91 486049.48 577326.64 486051.19 577322.15 486059.3 577315.53 486074.04 577308.9 486089.42 577304.84 486120.6 577334.33 486117.39 577351.22 486103.51 577359.12,486227.25 577237.26 486222.65 577236.62 486217.42 577233.41 486200.98 577222.19 486190.19 577211.94 486189.77 577207.24 486193.4 577200.61 486197.67 577196.66 486202.05 577195.38 486206 577196.44 486234.93 577218.99 486235.57 577223.15 486235.15 577227.53 486232.37 577233.41 486229.81 577236.19 486227.25 577237.26,486016.16 577281 486007.83 577280.79 485997.37 577270.32 485989.68 577247.03 485993.09 577236.34 485990.32 577226.08 485978.57 577217.11 485977.29 577208.77 485983.27 577202.36 485993.52 577193.17 486005.27 577182.27 486017.44 577176.93 486049.05 577172.23 486058.88 577174.79 486060.8 577194.03 486059.3 577213.47 486058.66 577226.3 486047.98 577239.12 486045.42 577249.59 486033.89 577258.35 486020.22 577274.17 486016.16 577281,486235.04 577203.6 486232.59 577202.96 486202.9 577183.19 486202.05 577181.16 486201.94 577179.03 486202.05 577175.72 486204.4 577171.44 486207.39 577167.92 486211.02 577165.35 486216.14 577165.89 486245.72 577188.86 486246.89 577192.28 486246.36 577194.63 486238.14 577203.28 486235.04 577203.6,486175.14 577185.76 486171.94 577182.98 486170.87 577180.2 486171.08 577176.68 486188.91 577154.45 486191.37 577154.35 486193.61 577155.31 486195.64 577157.13 486195.85 577160.01 486195.32 577163.22 486180.59 577183.73 486177.7 577185.33 486175.14 577185.76,485606.08 577279.3 485602.13 577278.34 485599.89 577276.74 485597.86 577272.79 485596.9 577267.98 485594.02 577229.21 485590.07 577201.07 485586.97 577179.49 485585.58 577166.52 485585.69 577162.78 485586.54 577156.37 485588.36 577151.88 485590.39 577147.18 485593.8 577143.02 485598.61 577138.27 485636.61 577108.15 485666.5 577086.68 485678.56 577079.08 485686.14 577076.84 485690.84 577077.26 485695.22 577078.12 485700.55 577081.32 485705.68 577087.41 485719.02 577109.84 485718.17 577115.08 485712.08 577121.48 485650.38 577169.46 485649.2 577172.99 485650.27 577175.66 485652.51 577176.94 485654.76 577177.15 485657.1 577176.62 485664.79 577170.1 485697.35 577139.98 485709.31 577132.29 485714.43 577130.05 485719.45 577128.76 485724.36 577128.44 485728.63 577129.08 485732.26 577130.79 485735.14 577133.14 485737.17 577135.52 485754.46 577163.19 485756.71 577169.28 485756.81 577172.48 485754.79 577174.83 485720.41 577198.87 485700.02 577210.85 485662.77 577234.24 485639.28 577252.4 485612.06 577276.95 485609.6 577278.56 485606.08 577279.3,485773.35 577157.71 485765.77 577148.95 485748.8 577125.67 485742.82 577115.52 485741.01 577111.25 485740.58 577104.52 485740.37 577094.8 485741.54 577090 485743.25 577087.97 485745.49 577087.11 485748.9 577087.86 485758.83 577093.84 485778.15 577106.45 485792.78 577123.86 485795.66 577130.26 485799.29 577139.24 485794.8 577142.65 485782.42 577152.27 485773.35 577157.71,485762.77 576978.18 485757.43 576977.01 485754.65 576973.59 485755.93 576969.1 485759.35 576959.27 485766.93 576954.36 485773.23 576943.68 485779.1 576932.03 485786.04 576923.59 485792.34 576918.03 485836.87 576938.76 485839.75 576941.54 485821.71 576958.42 485813.7 576960.77 485792.66 576966.86 485773.12 576975.41 485762.77 576978.18,485714.07 576970.07 485710.87 576969 485707.77 576966.43 485704.78 576960.88 485700.41 576956.07 485700.09 576953.08 485700.51 576950.73 485700.19 576947.74 485697.63 576943.89 485693.15 576940.15 485690.37 576938.44 485690.37 576935.77 485716.32 576893.46 485760.84 576911.73 485746.75 576930.96 485737.35 576938.55 485733.83 576946.24 485728.49 576960.34 485719.95 576968.36 485714.07 576970.07
2D124632-EBC4-9CCC-E053-CA2BA8C09B42,PL.PZGiK.994.BDOT10k,2016-12-20T00:00:00,false,PTWZ01,żw.,Prz,m,1,Ort,Trn,true,inapplicable,KR,Uzytkownik04.xml,2016-12-07,2016-12-07,2016-12-20T00:00:00,2012-11-26,0010_737,0025_737,0050_737,0100_737_small,true,inapplicable,true,inapplicable,true,inapplicable,490711.48 577904.63 490738.51 577893.95 490762.2 577878.59 490785.98 577867.87 490833.47 577860.03 490844.67 577890.42 490890.62 577890 490891.54 577883.45 490891.22 577878.63 490886.71 577881.9 490879.69 577883.15 490870.5 577883.61 490851.65 577885.17 490848.22 577884.08 490847.29 577878.78 490846.04 577868.34 490845.57 577859.46 490848.09 577854.24 490854.46 577851.89 490862.01 577851.56 490874.43 577851.22 490884.33 577854.24 490882.22 577841.95 490878.75 577827.13 490890.92 577815.29 490883 577789.18 490845.08 577708.36 490839.63 577709.43 490828.29 577713.33 490755.56 577745.7 490717.62 577759.95 490703.72 577767.57 490682.69 577775.48 490604.62 577771.11 490597.37 577774.01 490604.48 577777.01 490611.11 577782.07 490616.49 577790.61 490621.86 577800.25 490627.71 577811.32 490630.22 577819.6 490631.17 577826.87 490630.85 577833.99 490629.12 577841.89 490627.38 577850.43 490626.59 577858.49 490626.48 577869.87 490628.04 577876.09 490632.6 577884.54 490638.49 577890.77 490646.38 577895.42 490662.6 577901.54 490678.4 577904.81 490711.48 577904.63,g_672,EPSG:2180,2,Wrb,PL.PZGIK.BDOT10k.PTWZA.04.1523,,Zw,490682.98 577901.69 490675.51 577899.98 490671.46 577895.93 490671.3 577890.32 490673.48 577886.26 490679.25 577881.28 490689.22 577875.98 490693.22 577874.69 490699.57 577873.1 490704.49 577874.19 490707.83 577873.6 490714.77 577864.76 490727.23 577861.01 490743.75 577858.83 490750.29 577861.33 490752.63 577865.53 490752.31 577870.68 490749.04 577876.91 490743.75 577882.99 490734.4 577888.6 490723.18 577896.08 490715.39 577898.11 490703.39 577900.76 490692.18 577901.38 490682.98 577901.69,490758.7 577857.12 490751.54 577854.31 490745.15 577851.51 490739.38 577846.99 490736.11 577841.38 490736.89 577835.77 490740.47 577830.16 490746.86 577825.95 490762.13 577820.8 490797.03 577817.69 490816.66 577815.97 490820.24 577819.25 490820.87 577823.61 490821.02 577834.05 490821.02 577845.27 490819.31 577848.7 490815.1 577849.48 490804.97 577851.04 490791.11 577852.91 490780.05 577854.31 490769.14 577856.5 490758.7 577857.12,490829.84 577845.9 490827.66 577843.56 490827.66 577840.13 490828.44 577832.34 490829.22 577824.08 490830.62 577819.87 490834.2 577815.35 490839.5 577815.5 490859.6 577815.82 490863.8 577819.4 490868.32 577825.95 490872.22 577836.7 490871.28 577839.97 490869.72 577842.94 490867.07 577843.87 490862.25 577844.18 490853.36 577845.12 490843.08 577845.12 490829.84 577845.9,490732.84 577794.12 490723.49 577787.11 490722.49 577776.76 490728.16 577767.75 490745.85 577763.74 490773.89 577748.05 490785.9 577741.04 490796.58 577733.69 490815.97 577722.26 490831.86 577716.5 490837.78 577723.35 490847.75 577747.04 490851.18 577758.27 490857.41 577781.96 490856.32 577787.1 490852.58 577790.68 490845.1 577790.84 490830.93 577788.81 490818.77 577787.1 490808.65 577785.23 490798.52 577782.27 490732.84 577794.12,,,,,,,
2D124632-EBC5-9CCC-E053-CA2BA8C09B42,PL.PZGiK.994.BDOT10k,2016-12-20T00:00:00,false,PTWZ01,żw.,Prz,m,1,Ort,Trn,true,inapplicable,KR,Uzytkownik04.xml,2012-11-26,2016-12-07,2016-12-20T00:00:00,2012-11-26,0010_737,0025_737,0050_737,0100_737,true,inapplicable,true,inapplicable,true,inapplicable,486397.79 578428.26 486529.3 578336.38 486564.56 578311.74 486492.6 578211.28 486675.41 578079.37 486717.11 578049.88 486706.89 578047.07 486690.47 578042.55 486663.29 578035.21 486608.01 578020.27 486555.7 578005.51 486489.11 577982.38 486474.38 577977.26 486449.84 577969.13 486358.95 577938.23 486183.35 578059.98 486288.05 578217.19 486350.88 578308.83 486339.23 578316.99 486336.16 578333.15 486336.64 578340.91 486340.52 578350.12 486377.85 578400.05 486392.39 578419.93 486395.06 578430.27 486397.79 578428.26,g_719,EPSG:2180,2,Wrb,PL.PZGIK.BDOT10k.PTWZA.04.1524,,Zw,486401.81 578392.96 486398.05 578392.74 486365.21 578345.82 486362.21 578339.27 486362.42 578335.94 486367.68 578328.75 486391.72 578309.42 486439.16 578280.43 486443.24 578279.29 486452.04 578288.53 486485.52 578330.62 486463.73 578356.02 486453.53 578362.57 486447.63 578364.61 486440.12 578365.14 486433.68 578363 486427.56 578364.29 486424.88 578375.24 486422.09 578378.67 486418.01 578379.75 486413.5 578381.9 486407.28 578388.12 486401.81 578392.96,486497.29 578309.58 486483.45 578304.86 486478.62 578298.49 486487.19 578289.48 486501.57 578276.18 486510.02 578271.46 486525.28 578290.69 486519.69 578295.74 486497.29 578309.58,486456.54 578270.8 486452.59 578267.95 486451.93 578264.98 486454.68 578261.57 486456.32 578257.29 486458.3 578256.3 486462.8 578256.3 486468.95 578251.25 486470.27 578246.52 486471.7 578243.01 486473.12 578238.72 486477.3 578236.96 486481.03 578237.62 486487.18 578241.14 486490.69 578245.53 486491.9 578250.7 486489.15 578255.53 486460.28 578270.69 486456.54 578270.8,,,,,,,,
2D124632-EBBB-9CCC-E053-CA2BA8C09B42,PL.PZGiK.994.BDOT10k,2016-12-20T00:00:00,false,PTWZ01,żw.,Prz,m,5,Ort,Trn,true,inapplicable,KR,Uzytkownik04.xml,2012-11-26,2016-12-07,2016-12-20T00:00:00,2012-11-26,0010_737,0025_737_small,0050_737_small,0100_737_small,true,inapplicable,true,inapplicable,true,inapplicable,483015.26 591941.49 483027.63 591933.81 483048.68 591926.79 483059.04 591920.77 483061.38 591913.75 483056.7 591895.03 483053.03 591882 483049.68 591877.65 483047.34 591874.31 483044.67 591863.95 483036.65 591844.23 483032.3 591842.23 483019.94 591848.91 483010.58 591855.93 483000.22 591866.29 482996.88 591871.97 482996.21 591885.01 482995.2 591896.37 482994.2 591903.39 482993.53 591909.41 482994.2 591918.76 482999.22 591933.47 483004.82 591943.46 483015.26 591941.49,g_763,EPSG:2180,2,Wrb,PL.PZGIK.BDOT10k.PTWZA.04.156,,Zw,,,,,,,,,,,
2D124632-EBBE-9CCC-E053-CA2BA8C09B42,PL.PZGiK.994.BDOT10k,2016-12-20T00:00:00,false,PTWZ01,kłm.,Dok,m,5,Ort,Trn,true,inapplicable,KR,Uzytkownik04.xml,2012-11-26,2016-12-07,2016-12-20T00:00:00,2012-11-26,0010_738,0025_738,0050_738,0100_738_small,true,inapplicable,true,inapplicable,true,inapplicable,482178.68 586799.48 482236.58 586786.61 482222.13 586759.23 482221.79 586755 482220.66 586741.18 482223.1 586734.57 482236.67 586720.99 482246.07 586714.03 482276.35 586712.64 482303.15 586711.25 482340.38 586699.07 482331.33 586661.13 482324.72 586621.81 482312.89 586592.23 482308.71 586582.83 482299.89 586566.78 482283.47 586568.72 482259.76 586576.82 482225.39 586597.17 482205.53 586611.29 482184.45 586628.53 482181.98 586630.56 482134.99 586674.17 482098.77 586708.88 482084.36 586721.91 482095.25 586740.96 482109.49 586765.55 482146.72 586752.85 482148.4 586759.2 482157.78 586762.04 482161.26 586769.88 482169.54 586800.82 482178.68 586799.48,g_798,EPSG:2180,2,Wrb,PL.PZGIK.BDOT10k.PTWZA.04.1517,,Km,482326.98 586694.02 482320.02 586694.02 482316.2 586690.37 482313.24 586684.1 482303.84 586644.43 482295.66 586616.94 482293.92 586608.24 482293.05 586600.06 482293.05 586599.53 482293.92 586593.97 482295.66 586592.57 482298.1 586592.92 482299.49 586594.84 482303.49 586615.72 482311.32 586641.99 482313.24 586643.39 482315.85 586642.17 482317.94 586643.21 482320.55 586646.69 482330.12 586686.54 482330.46 586690.54 482326.98 586694.02,,,,,,,,,,
2D124632-EBBF-9CCC-E053-CA2BA8C09B42,PL.PZGiK.994.BDOT10k,2016-12-20T00:00:00,false,PTWZ01,żw.,Prz,m,1,Ort,Trn,true,inapplicable,KR,Uzytkownik04.xml,2012-11-26,2016-12-07,2016-12-20T00:00:00,2012-11-26,0010_737,0025_737,0050_737,0100_737,true,inapplicable,true,inapplicable,true,inapplicable,486841.86 578937.68 486980.28 578809.18 487047.1 578746.53 487100.93 578697.08 487119.69 578680.61 487116.87 578671.54 487112.79 578665.32 487070.5 578618.28 487061.68 578613.59 487055.14 578612.62 487049.99 578614.45 487042.47 578618.42 487001.8 578660.62 486935.27 578722.63 486909.08 578755.28 486901.15 578762.85 486877.62 578746.28 486865.17 578726.31 486900.37 578693.67 486869.03 578642.39 486904.23 578604.6 486920.76 578611.47 486950.38 578650.34 487043.31 578568.73 487027.22 578549.83 487077.87 578508.7 487082.3 578495.75 487088.1 578491.45 487094.97 578485.87 487122.75 578458.49 487001.06 578500.5 486992.09 578490.71 487112.63 578391.1 487064.78 578334.98 487073.58 578321.99 487032.8 578300.94 487014.77 578287.63 486992.45 578259.96 486976.14 578256.1 486961.97 578239.25 486963.56 578224.2 486909.35 578258.8 486705.62 578402.87 486744.11 578450.5 486723.94 578480.35 486758.92 578524.81 486818.8 578509.71 486819.45 578516.58 486822.02 578527.1 486837.74 578558.82 486888.78 578548.13 486903.54 578547.71 486941.37 578536.11 486926.48 578560.17 486909.95 578577.79 486872.39 578612.58 486848.99 578632.55 486827.74 578648.01 486817.66 578657.04 486799 578672.59 486791.7 578679.04 486779.25 578690.85 486748.44 578717.87 486741.05 578724.35 486696.19 578764.94 486653.12 578800.05 486678.13 578815.98 486699.14 578831.65 486710.14 578838.98 486733.48 578858.99 486750.16 578876.66 486760.09 578887.28 486769.5 578897.34 486784.84 578916.01 486805.84 578944.35 486815.06 578956.86 486817.52 578960.35 486841.86 578937.68,g_836,EPSG:2180,2,Wrb,PL.PZGIK.BDOT10k.PTWZA.04.1518,,Zw,486826.46 578924.43 486818.74 578920.99 486783.32 578877.61 486785.25 578868.8 486793.19 578856.56 486803.93 578847.97 486811.44 578848.4 486817.02 578853.34 486823.67 578862.36 486856.73 578899.3 486857.16 578905.1 486851.57 578912.4 486843.63 578919.27 486835.26 578923.57 486826.46 578924.43,486897.32 578865.72 486861.48 578836.72 486862.66 578833.83 486877.68 578815.03 486894.1 578794.63 486908.48 578782.82 486923.18 578773.37 486926.94 578772.51 486929.94 578772.4 486934.34 578774.66 486963.75 578798.18 486955.38 578808.05 486897.32 578865.72,486999.92 578756.2 486995.52 578754.8 486991.23 578751.36 486990.16 578749 487000.89 578737.08 487016.45 578723.98 486991.77 578700.18 486981.47 578710.27 486976.1 578703.83 487055.3 578625.65 487094.58 578665.38 487096.73 578671.42 487072.26 578693.06 487003.68 578754.91 486999.92 578756.2,486770.44 578858.85 486766.04 578858.74 486762.07 578856.7 486739.21 578835.98 486709.92 578813.43 486690.28 578796.35 486688.57 578792.81 486688.57 578788.52 486690.5 578784.11 486717.76 578762.1 486734.5 578770.37 486738.9 578768.65 486761.54 578745.99 486750.81 578733 486749.63 578729.29 486757.58 578721.56 486797.07 578688.7 486856.95 578764.09 486856.31 578775.68 486855.02 578779.98 486850.81 578785.82 486837.83 578800.75 486796.51 578839.51 486778.81 578856.21 486775.06 578858.31 486770.44 578858.85,486958.41 578625.31 486955.72 578625.2 486951.75 578622.73 486927.5 578595.13 486925.47 578592.46 486924.08 578589.45 486923.65 578585.91 486924.72 578581.18 486931.59 578570.22 486947.04 578555.94 486967.64 578544.35 486989.97 578538.55 486996.83 578537.47 487004.99 578537.8 487009.61 578539.3 487013.15 578542.95 487014.54 578549.07 487012.61 578555.03 487013.25 578561.04 487016.26 578568.99 487016.26 578575.86 487005.3 578586.44 486960.23 578624.45 486958.41 578625.31,486890.82 578512.01 486887.17 578508.57 486887.6 578503.63 486898.54 578492.9 486903.37 578488.17 486902.51 578484.31 486903.16 578480.06 486901.06 578474.12 486888.46 578475.39 486878.37 578479.79 486873.65 578479.9 486870.75 578478.72 486853.79 578458.53 486854.33 578454.56 486857.66 578450.48 486866.03 578444.25 486868.07 578441.89 486867.85 578438.88 486866.03 578435.61 486866.89 578430.02 486870.75 578424.22 486876.12 578418.64 486927.63 578379.34 486957.89 578354.42 486964.97 578348.04 486965.08 578345.14 486963.04 578342.35 486959.6 578341.92 486957.57 578340.75 486958.16 578338.06 486961.42 578334.06 486985.36 578313.35 486996.73 578308.41 486998.34 578304.12 487003.71 578304.55 487033.54 578342.67 487032.9 578347.61 487037.41 578357.52 487042.78 578361.88 487051.04 578365.43 487073.36 578387.12 487075.94 578390.98 487073.26 578396.14 486994.7 578463.58 486975.27 578476.9 486898.97 578511.37 486890.82 578512.01,,,,,
2D124632-EBC0-9CCC-E053-CA2BA8C09B42,PL.PZGiK.994.BDOT10k,2016-12-20T00:00:00,false,PTWZ01,kłm.,Prz,m,1,Ort,Trn,true,inapplicable,KR,Uzytkownik04.xml,2012-11-26,2016-12-07,2016-12-20T00:00:00,2012-11-26,0010_738,0025_738,0050_738,0100_738_small,true,inapplicable,true,inapplicable,true,inapplicable,486868.38 575922.31 486882.15 575919.94 486889.9 575919.19 486902.5 575918.65 486908.74 575917.68 486915.3 575915.74 486925.42 575912.94 486934.57 575912.41 486943.72 575912.08 486951.59 575912.85 486959.34 575913.61 486986.75 575915.8 486981.2 575746.45 486929.58 575750.31 486904.32 575751.69 486895.72 575611.12 486888.89 575603.73 486885.6 575600.16 486847.38 575595.23 486826.01 575592.76 486814.1 575590.71 486796.91 575584.96 486791.57 575596.85 486795.17 575754.74 486828.37 575756.3 486835.66 575755.81 486846.53 575848.47 486846.1 575853.1 486845.67 575899.63 486845.56 575908.64 486846.31 575916.07 486848.57 575919.73 486849.86 575921.34 486852.66 575923.17 486857.51 575923.82 486868.38 575922.31,g_889,EPSG:2180,2,Wrb,PL.PZGIK.BDOT10k.PTWZA.04.1519,,Km,486824.78 575645.87 486821.99 575644.04 486821.88 575640.06 486823.6 575615.29 486825.64 575611.74 486830.7 575611.09 486835.76 575612.6 486838.56 575615.07 486834.47 575641.89 486830.27 575645.77 486824.78 575645.87,,,,,,,,,,
2D124632-EBC1-9CCC-E053-CA2BA8C09B42,PL.PZGiK.994.BDOT10k,2016-12-20T00:00:00,false,PTWZ01,kłm.,Prz,m,1,Ort,Trn,true,inapplicable,KR,Uzytkownik04.xml,2012-11-26,2016-12-07,2016-12-20T00:00:00,2012-11-26,0010_738,0025_738,0050_738_small,0100_738_small,true,inapplicable,true,inapplicable,true,inapplicable,486721.83 576019.28 486746.2 575981.4 486765.83 575955.05 486790.98 575915.51 486763.76 575907.67 486728.57 575896.79 486721.89 575895.93 486717.27 575896.25 486710.91 575897.97 486704.35 575901.31 486697.35 575906.37 486688.2 575902.66 486681.54 575899.99 486643.1 575996.71 486680.2 576012.7 486712.82 576026.03 486721.83 576019.28,g_927,EPSG:2180,2,Wrb,PL.PZGIK.BDOT10k.PTWZA.04.1520,,Km,,,,,,,,,,,
2D124632-EBBC-9CCC-E053-CA2BA8C09B42,PL.PZGiK.994.BDOT10k,2016-12-20T00:00:00,false,PTWZ01,żw.,Prz,m,5,Ort,Trn,true,inapplicable,KR,Uzytkownik04.xml,2012-11-26,2016-12-07,2016-12-20T00:00:00,2012-11-26,0010_737,0025_737_small,0050_737_small,0100_737_small,true,inapplicable,true,inapplicable,true,inapplicable,483451.74 589832.71 483462.05 589820.58 483465.7 589813.28 483468.76 589807.11 483472.31 589800.05 483476.65 589794.58 483477.33 589790.24 483477.33 589785.45 483476.65 589781.34 483471.4 589776.55 483463.42 589769.71 483441.74 589748.49 483431.71 589740.05 483426.91 589742.56 483419.16 589757.85 483411.86 589768.34 483408.66 589772.45 483404.56 589776.33 483399.54 589780.2 483394.98 589784.54 483394.52 589787.28 483394.52 589792.75 483396.35 589798 483400.91 589800.05 483416.65 589809.63 483427.37 589814.65 483429.65 589819.67 483430.56 589821.04 483434.67 589825.15 483438.32 589828.8 483443.11 589831.31 483445.85 589832.9 483451.74 589832.71,g_962,EPSG:2180,2,Wrb,PL.PZGIK.BDOT10k.PTWZA.04.157,,Zw,,,,,,,,,,,
2D124632-EBC2-9CCC-E053-CA2BA8C09B42,PL.PZGiK.994.BDOT10k,2016-12-20T00:00:00,false,PTWZ01,kłm.,Prz,m,1,Ort,Trn,true,inapplicable,KR,Uzytkownik04.xml,2012-11-26,2016-12-07,2016-12-20T00:00:00,2012-11-26,0010_738,0025_738,0050_738_small,0100_738_small,true,inapplicable,true,inapplicable,true,inapplicable,487110.25 575899.75 487123.15 575897.06 487132.3 575896.41 487138.33 575897.06 487150.49 575905.56 487155.87 575906.75 487158.57 575907.07 487164.6 575906.75 487169.33 575905.03 487179.99 575897.81 487195.06 575891.35 487211.22 575885.65 487241.24 575875.3 487255.99 575871.75 487275.58 575867.22 487295.93 575863.33 487308.04 575862.05 487319.67 575862.65 487322.2 575857.16 487316.99 575708.67 487299.69 575711.38 487127.73 575731.32 487115.16 575858 487088.64 575857.44 487081.75 575908.92 487110.25 575899.75,g_997,EPSG:2180,2,Wrb,PL.PZGIK.BDOT10k.PTWZA.04.1521,,Km,487144.11 575837.74 487142.5 575809.31 487142.5 575781.85 487142.18 575761.07 487151.11 575759.67 487161.76 575758.27 487168.54 575758.16 487174.03 575761.61 487175.65 575794.45 487176.51 575822.34 487171.13 575829.02 487161.01 575835.38 487144.11 575837.74,487215.69 575849.91 487203.63 575848.72 487202.77 575844.09 487187.06 575842.59 487183.83 575832.35 487183.51 575818.68 487182.75 575803.6 487181.14 575795.95 487180.06 575769.5 487180.39 575746.24 487225.59 575738.05 487256.8 575729.16 487296.84 575724.21 487302.65 575727.44 487304.8 575739.93 487309.97 575764.92 487311.16 575787.34 487312.13 575805.32 487309.55 575819.11 487276.51 575816.42 487267.57 575818.14 487255.73 575833.75 487245.08 575841.51 487220.53 575842.59 487215.69 575849.91,,,,,,,,,
2D124632-EBC6-9CCC-E053-CA2BA8C09B42,PL.PZGiK.994.BDOT10k,2016-12-20T00:00:00,false,PTWZ01,żw.,Prz,m,1,Ort,Trn,true,inapplicable,KR,Uzytkownik04.xml,2012-11-26,2016-12-07,2016-12-20T00:00:00,2012-11-26,0010_737,0025_737,0050_737,0100_737_small,true,inapplicable,true,inapplicable,true,inapplicable,485580.33 575850.66 485579.3 575839.33 485577.7 575830.14 485577.17 575821.7 485577.49 575813.09 485581.44 575803.47 485587.53 575791.39 485593.51 575777.19 485600.96 575764.9 485613.98 575751.15 485622.98 575741.93 485628.46 575733.41 485637.5 575710.98 485648.93 575681.56 485651.17 575671.3 485656.19 575648.97 485661 575632.94 485668.15 575616.06 485671.88 575608.57 485680.2 575598.44 485657.58 575572.89 485637.71 575534.18 485633.98 575522.68 485624.57 575504.7 485610.02 575482.02 485550.62 575408.15 485524.18 575359.85 485514.09 575349.46 485469.16 575391.19 485432.83 575415.71 485440.63 575425.54 485427.68 575435.71 485453.91 575457.22 485469.17 575459.68 485479.71 575479.04 485452.41 575501.19 485445.31 575516.25 485459.93 575516.89 485480.78 575531.74 485494.97 575550.02 485462.24 575572.06 485454.17 575578.9 485479.11 575678.95 485475.67 575691.22 485466.64 575699.61 485495.23 575735.33 485516.31 575752.97 485547.7 575791.05 485581.78 575868.75 485580.33 575850.66,g_1038,EPSG:2180,2,Wrb,PL.PZGIK.BDOT10k.PTWZA.04.1525,,Zw,485520.43 575527.72 485516.67 575525.89 485503.45 575509.66 485494.74 575492.66 485493.67 575488.15 485493.88 575484.71 485495.82 575480.08 485509.9 575463.95 485522.58 575449.61 485529.57 575443.37 485534.19 575441.01 485539.67 575440.47 485543.75 575442.94 485549.45 575448.43 485554.07 575452.55 485569.87 575478.25 485570.94 575485.03 485569.01 575492.02 485564.07 575496.54 485544.29 575513.31 485524.41 575526.43 485520.43 575527.72,485477.98 575452.98 485473.36 575452.01 485450.89 575432.12 485448.96 575427.49 485448.96 575423.08 485452.29 575417.6 485486.79 575392.22 485495.93 575390.5 485510.43 575394.59 485520.22 575407.17 485522.69 575413.51 485523.55 575418.89 485522.79 575423.3 485519.14 575428.78 485500.01 575443.52 485477.98 575452.98,,,,,,,,,
2D124632-EBBA-9CCC-E053-CA2BA8C09B42,PL.PZGiK.994.BDOT10k,2016-12-20T00:00:00,false,PTWZ01,żw.,Prz,m,5,Ort,Trn,true,inapplicable,KR,Uzytkownik04.xml,2016-12-07,2016-12-07,2016-12-20T00:00:00,2012-11-26,0010_737,0025_737,0050_737,0100_737_small,true,inapplicable,true,inapplicable,true,inapplicable,483239.45 590047.33 483247.3 590046.03 483260.36 590049.62 483275.72 590051.25 483282.81 590055.35 483300.67 590032.89 483316.05 590012.31 483312.04 589995.85 483336.25 589951.04 483297.69 589927.28 483297.95 589921.35 483298.21 589915.43 483295.04 589907.18 483262.84 589890.22 483156.86 589841.79 483152.85 589839.95 483150.61 589844.84 483113.92 589896.4 483056.91 589971.76 483051.95 589980.04 483059.79 589986.25 483075.47 589993.76 483091.47 589997.35 483107.81 590000.29 483123.81 590009.11 483205.15 590052.89 483214.63 590055.5 483220.83 590055.5 483239.45 590047.33,g_1079,EPSG:2180,2,Wrb,PL.PZGIK.BDOT10k.PTWZA.04.155,,Zw,483285.7 589992.02 483272.46 589989.91 483268.09 589988.08 483266.68 589986.11 483266.82 589984.7 483267.53 589983.29 483267.81 589982.73 483269.92 589981.6 483276.12 589977.8 483279.64 589973.43 483281.19 589968.92 483282.46 589965.4 483283.87 589964.41 483285.56 589964.13 483286.26 589964.13 483289.93 589966.24 483295.25 589968.17 483296.55 589968.64 483298.8 589969.06 483298.94 589969.06 483300.02 589969.29 483304.16 589970.19 483304.86 589972.44 483302.47 589978.64 483300.63 589982.16 483295.31 589985.54 483290.77 589990.47 483289.22 589991.6 483285.7 589992.02,,,,,,,,,,
